icao,name,fuels,availability,lat,lon,fuel_section,error
LFAB,DIEPPE SAINT AUBIN,100LL|JET_A1,100LL=restricted|JET_A1=restricted,49.882500,1.085278,"← 10 - AVT : Carburant : 100 LL - JET A1 De mi-mars à mi-novembre : tous les jours 0800-1800. En dehors de cette période, PPR auprès de ""Air Libre Parachutisme"". Paiement comptant par CB ou espèces. Fuel : 100 LL - JET A1 From mid-March to mid-November : every day 0800-1800. Outside this period, PPR from ""Air Libre Parachutisme"". Payment by credit card or cash.",
LFAC,CALAIS DUNKERQUE,100LL|JET_A1,100LL=self_service|JET_A1=self_service,50.960833,1.951389,"← 10 - AVT : H24 avec carte bancaire / H24 with credit card. Carburants / Fuel : 100 LL - JET A1 Paiement : espèces, chèque. HOR HIV : 0800-1700, ETE : 0700-1630. Payment : cash, bank check. HOR WIN : 0800-1700, SUM : 0700-1630.",
LFAD,COMPIEGNE MARGNY,100LL,100LL=restricted,49.433611,2.804722,← 10 - AVT : Carburant / Fuel : 100LL (gestion par / managed by ACB de Compiègne Margny). HX sauf MAR et MER / except TUE and WED O/R ACB de Compiègne Margny.,
LFAE,EU MERS LE TREPORT,UL91,UL91=restricted,50.069167,1.426667,10 - AVT : AVGAS UL91 : réservé aux ACFT basés / reserved for based ACFT .,
LFAF,LAON CHAMBRY,100LL,100LL=self_service,49.594722,3.630278,"10 - AVT : Carburants / Fuel : 100 LL, H 24 Carte TOTAL.",
LFAG,PERONNE SAINT QUENTIN,,,49.868889,3.029722,10 - AVT : NIL.,
LFAI,NANGIS LES LOGES,100LL,100LL=restricted,48.596944,3.008056,"10 - AVT : Carburant / Fuel : 100 LL, Lubrifiant / Lubricant : 80 D - 100 D (CIV) HJ.",
LFAJ,ARGENTAN,100LL,100LL=restricted,48.709444,0.002778,10 - AVT : Carburants / Fuel : 100LL - Lubrifiant / Lubricant : NIL (CIV) O/R la veille à / the day before to ACB. Paiement comptant / Cash payment.,
LFAK,DUNKERQUE LES MOERES,100LL,100LL=unknown,51.039444,2.548889,"10 - AVT : Carburant / Fuel 100 LL Disponible sur présence personnel uniquement. Paiement par CB, chèque, espèces. Available on personal presence only. Payment by CB card, cheque, cash.",
LFAL,LA FLECHE THOREE LES PINS,100LL,100LL=restricted,47.692778,-0.001944,10 - AVT : Carburant / Fuel : 100 LL sur/ with PPR ACB. (CIV - MIL) Paiement comptant / Cash payment.,
LFAM,BERCK SUR MER,100LL,100LL=restricted,50.423056,1.591944,10 - AVT : Carburant / Fuel : 100LL auprès de l'ACB / contact ACB.,
LFAO,BAGNOLES DE L'ORNE COUTERNE,100LL,100LL=unknown,48.544722,-0.385000,"10 - AVT : Carburants / Fuel : 100 LL - Lubrifiants / Lubricants : NIL. Délivrance du carburant par ACB d'Andaines / Fuel dispatching by ""ACB d'Andaines"". Paiement chèque ou espèces uniquement / Cash payment or cheques only.",
LFAP,RETHEL PERTHES,,,49.481111,4.363333,10 - AVT : NIL.,
LFAQ,ALBERT BRAY,100LL|JET_A1,100LL=self_service|JET_A1=restricted,49.970000,2.692500,"10 - AVT : Carburant / Fuel : 100LL et / and JET A1. Payables par carte Sterling (Air BP - automat) ou par CB en HOR ATS. En dehors de ces horaires, sur PPR auprès de l'exploitant AD le jour ouvrable précédent avant 1000. Avitaillement JET A1 : Pendant HOR ATS, uniquement par camion sur parking E. Hors HOR ATS : PPR 2 HR exploitant. Avitaillement 100LL limité : pompe automatique sur parking B pour ACFT compatible TWY B. Payment by Sterling card (Air BP - automat) or by CB during ATS SKED. Outside these SKED, PPR from AD operator on the previous working day before 1000. JET A1 refuelling : During ATS SKED : only by truck on parking E. Outside ATS SKED : PPR 2 HR from AD operator. 100LL refuelling limited : automatic pump on parking B for ACFT compatible TWY B.",
LFAR,MONTDIDIER,,,49.673056,2.569167,10 - AVT : NIL.,
LFAS,FALAISE MONTS D'ERAINES,100LL,100LL=restricted,48.926944,-0.144722,10 - AVT : Carburant / Fuel : 100 LL - (CIV-MIL) HX : paiement comptant / cash payment.,
LFAT,LE TOUQUET ELIZABETH II,100LL|JET_A1,100LL=self_service|JET_A1=restricted,50.514722,1.627500,"10 - AVT : Carburants / Fuel : 100LL- JET A1 / TRO, Lubrifiants / Lubricants : tous indices / all grades (CIV-MIL) HOR ATS. Oxygène sur demande. Vente de produits de dégivrage / Oxygen on request. Sale of deicing products. JET A1 Carte TOTAL/AEG/WFS ou paiement comptant au comptoir / TOTAL/AEG/WFS credit card or cash payment. AVGAS 100LL paiement comptant au comptoir ou automate / cash payment or TOTAL credit card. AVGAS (100LL) H24 : Est parking, pompe automatique, paiement uniquement par carte TOTAL / East apron, automatic fuel pump, payment only with TOTAL credit card.",
LFAU,VAUVILLE,,,49.622778,-1.830000,10 - AVT : NIL.,
LFAV,VALENCIENNES DENAIN,100LL|JET_A1,100LL=unknown|JET_A1=unknown,50.324722,3.465556,"10 - AVT : Carburants / Fuel : (AIR BP) 100 LL-JET A1. (CIV-MIL) Paiement comptant, carte BP / Cash payment, BP card. Lubrifiants / Lubricants : NIL.",
LFAW,VILLERUPT,,,49.410556,5.889167,10 - AVT : Carburants / Fuel : 100/130 - Lubrifiant / Lubricant : 100/120 (CIV). Réservé aux aéronefs basés / Reserved for home-based ACFT.,
LFAX,MORTAGNE AU PERCHE,,,48.539722,0.534167,10 - AVT : NIL.,
LFAY,AMIENS GLISY,100LL,100LL=self_service,49.873056,2.386944,10 - AVT : 100 LL : paiement par carte Total (automate). Autres paiements acceptés CB et espèces à l'ACB de Picardie. TEL ACB. 100 LL : Payment by Total card (automatic dispenser). Other payments accepted credit card and cash to Picardie ACB. TEL ACB.,
LFBA,AGEN LA GARENNE,100LL|JET_A1,100LL=self_service|JET_A1=self_service,44.174722,0.590556,"← 10 - AVT : Carburants / Fuel : 100LL, JET A1 (CIV-MIL) Lubrifiants / Lubricants : NIL. Automate H24 avec carte TOTAL uniquement ou possibilité d'assistance pendant HOR RFFS. En dehors des HOR RFFS : possibilité d'assistance PPR 48 HR. Automatic dispenser with TOTAL credit card only or possible support during RFFS SKED. Outside RFFS SKED : possible support PPR 48 HR.",
LFBD,BORDEAUX MERIGNAC,100LL,100LL=self_service,44.828611,-0.715278,"← 10 - AVT : Carburants / Fuel : (CIV-MIL) 100 LL-TRO TOTAL : AVGAS 100LL (par automate aire JULIET / via dispenser JULIET area ). Lubrifiants / Lubricants : 100 - 120 - D100 - Turbo oil 23/80 et / and 274 (MIL) MIL : O/R durant ouverture BA 106 / During AFB 106 activity : Carburants / Fuel : F34 - Lubrifiants / Lubricants : NIL. © Service de l'Information Aéronautique, France AMDT 03/26 AD 2 LFBD TXT 04 AIP FRANCE 19 FEB 2026 BORDEAUX MERIGNAC",
LFBE,BERGERAC DORDOGNE PERIGORD,100LL|JET_A1,100LL=self_service|JET_A1=self_service,44.824444,0.520556,"10 - AVT : Carburants / Fuel : 100 LL : automate H24 - JET A1 (CIV-MIL) : ETE / SUM : 0700-1600, HIV / WIN : 0800-1600. TEL : 05 53 22 25 23 - FAX : 05 53 24 35 43. Paiement par carte de crédit ou carte WFS. Payment by credit card or WFS card.",
LFBF,TOULOUSE FRANCAZAL,JET_A1,JET_A1=restricted,43.549167,1.357222,"10 - AVT : Carburants / Fuel : Jet A1 : LUN-VEN / MON-FRI : 0700-1630, SAM-DIM-JF / SAT-SUN-HOL : O/R Pour tout avitaillement contacter le RFFS / For fuelling, contact RFFS. Paiement CB, cartes AEG ou WFS, fuel release AEG ou WFS. / Payment by credit card, AEG or WFS cards, AEG or WFS fuel release .",
LFBG,COGNAC CHATEAUBERNARD,,,45.658333,-0.317500,10 - AVT : Carburant / Fuel : F18 - F34 - F35 O/R Lubrifiants / Oil : O135 - O155 - H515 HOR ATS et permanence téléphonique 30 MIN / ATS SKED and duty phone 30 MIN,
LFBH,LA ROCHELLE ILE DE RE,100LL|JET_A1,100LL=restricted|JET_A1=restricted,46.179167,-1.195278,"10 - AVT : Carburants / Fuel : 100LL, JET A1. ETE : LUN-VEN : 0500-1000, 1200-1730 - SAM, DIM, JF : 0700-1000, 1200-1730. SUM : MON-FRI : 0500-1000, 1200-1730 - SAT, SUN, public HOL : 0700-1000, 1200-1730. HIV / WIN : 0800-1100, 1300-1730. Sans interruption pour les vols commerciaux programmés / Non stop for scheduled commercial flights. AVT 100LL non assuré pour les hélicoptères à moteur piston / Not provided for helicoters with piston engine. TEL : 05 46 42 86 69 ou / or 06 30 24 30 87 E-mail : avitailleur@larochelle.aeroport.fr",
LFBI,POITIERS BIARD,JET_A1,JET_A1=self_service,46.587500,0.306667,"← 10 - AVT : Carburant / Fuel : SEALAPB / Air BP. JET A1 (CIV-MIL) : HOR voir NOTAM. En dehors de ces HOR et pour vols commerciaux assistés uniquement, sur PPR 24 HR. - AVGAS : idem JET A1 sauf carte Air BP avec code pour le distributeur automatique. JET A1 (CIV - MIL) : SKED see NOTAM. Outside these SKED and for commercial flights with handling only, PPR 24 HR. - AVGAS : the same as for JET A1 except Air BP payment card for the automatic dispenser. TEL : 05 49 30 04 46 / 06 29 80 04 56 - FAX : 05 49 88 58 70. Paiement : carte AIR BP, CB VISA, Mastercard. Autres cartes sur autorisation AIR BP. Payment : AIR BP card, VISA card, Mastercard. Other cards on AIR BP authorization.",
LFBJ,SAINT JUNIEN,,,45.902500,0.918889,10 - AVT : NIL.,
LFBK,MONTLUCON GUERET,100LL,100LL=self_service,46.226111,2.362778,10 - AVT : Carburants / Fuel : 100 LL Automate par carte TOTAL H24. Automatic dispenser by TOTAL card.,
LFBL,LIMOGES BELLEGARDE,100LL|JET_A1,100LL=restricted|JET_A1=restricted,45.860833,1.180278,"10 - AVT : Carburant / Fuel : 100LL - JET A1 (CIV-MIL), Lubrifiant / Lubricant : NIL. Paiement comptant, cartes BP, cartes VISA, MASTERCARD, AMERICAN EXPRESS, DINERS CLUB, SIGNATURE et US GOVERNMENT R CARD. Cash payment, BP cards, VISA, MASTERCARD, AMERICAN EXPRESS, DINERS CLUB, SIGNATURE and US GOVERNMENT R CARD. HOR / SKED : voir NOTAM publié / see NOTAM published.",
LFBN,NIORT MARAIS POITEVIN,100LL|JET_A1,100LL=restricted|JET_A1=restricted,46.313333,-0.394444,"10 - AVT : Carburants / Fuel : - 100LL : pistolet / fuel pistol , - JET A1 : pistolet (mise sous pression sur demande) / fuel pistol (pressurization on request). ← Paiements : - Carte TOTAL et CB H24 et 7/7 j - espèces, fuel release : pendant HOR ATS ou sur PPR 2 HR TEL astreinte. ← Payments : - TOTAL card and credit card 24/7 - cash, fuel release : during ATS SKED or with PPR 2 HR via on-call TEL.",
LFBO,TOULOUSE BLAGNAC,JET_A1,JET_A1=self_service,43.635000,1.367778,"← 10 - AVT : Fournisseurs / Providers : SASCA et / and WORLD FUEL SERVICES. SASCA : HOR / SKED : H24. Carburants / Fuel : JET A1. Lubrifiants / Lubricants : Aéro 80-80D-100-100D. Aéro DM. Paiement : cartes TOTAL et BP. / Payment : TOTAL and BP cards. WORLD FUEL SERVICES : HOR / SKED : 0400-2200 (ETE / SUM : -1 HR) En dehors de ces HOR / Outside these SKED : AVT O/R PN 45 min. Carburants / Fuel : JET A1. Lubrifiants / Lubricants : NIL. Paiement / Payment : AVCARD, Carte WFS / WFS card , UVAIR, COLT TEL : 06 59 75 11 77",
LFBP,PAU PYRENEES,100LL|JET_A1,100LL=self_service|JET_A1=restricted,43.380000,-0.418611,"10 - AVT : Carburants / Fuel : 100 LL - JET A1 (CIV-MIL) - F34 AG (MIL). 0430-2000. En dehors de ces HOR O/R PN 1 HR TEL : 05 59 33 33 36. E-mail : airbppuf@outlook.fr. Distributeur automatique 100LL carte AIR BP. Carte bleue, VISA, AMEX, MASTERCARD soumises au déplacement d'un opérateur; délai éventuel à prévoir. Espèces : 750 € maximum. 0430-2000. Outside these SKED O/R PN 1 HR TEL : 05 59 33 33 36. E-mail : airbppuf@outlook.fr. Automatic dispenser 100LL AIR BP card. Carte bleue, VISA, AMEX, MASTERCARD subject to the movement of an operator; possible delay to foresee. Cash payment: max 750 €.",
LFBR,MURET LHERM,100LL,100LL=self_service,43.449167,1.263611,"10 - AVT : 100 LL. Lubrifiant / Lubricant 80 : (CIV-MIL) ETE / SUM : 0800-1100, 1400-1800. HIV / WIN : 0800-1200, 1400-1900. Paiement : comptant, chèque, CB, espèces, automate carte TOTAL - (Assuré par ACB Clément ADER). Payment : cash,cheque, credit card, TOTAL card - (provided by ACB Clément ADER).",
LFBS,BISCARROSSE PARENTIS,100LL,100LL=unknown,44.368056,-1.132222,10 - AVT : Carburants / Fuel : 100 LL - Carte TOTAL uniquement / TOTAL card only.,
LFBT,TARBES LOURDES PYRENEES,100LL|JET_A1,100LL=self_service|JET_A1=self_service,43.185556,-0.002778,"← 10 - AVT : Carburants / Fuel : 100LL - Jet A1. HOR ouvrables / working SKED : - du / from 01/04 au / to 31/10 : 0300-1900 (selon trafic / depending on traffic). - du / from 01/11 au / to 31/03 : 0400-1800 (selon trafic / depending on traffic). En dehors de ces HOR : O/R PN 1 HR pour avions non programmés. Outside these SKED : O/R PN 1HR for non scheduled ACFT. Station auto-service H24 (Aviation Générale) / H24 self-service station (General Aviation). TEL : +33 5 62 92 53 08 (Dépôt / Depot ) +33 6 30 68 81 37 (portable Dépôt / Depot mobil phone ) +33 6 72 14 35 21 (Responsable / Manager ) +33 7 88 45 60 82 (Astreinte en HOR non ouvrables / On-call during non working SKED ). E-mail : lde.gpo-a@wfscorp.com Information sur / on FREQ : 131.465 MHz. Paiement : carte bancaire, carte WFS Fuel Contract, AVCARD, UVAIR, espèces (max 750 €). Payment : credit card, WFS Fuel Contract card, AVCARD, UVAIR, cash (max 750 €). Autres / Other : faire demande d'avitaillement à / request refuelling from f",
LFBU,ANGOULEME BRIE CHAMPNIERS,100LL|JET_A1,100LL=restricted|JET_A1=restricted,45.729444,0.219167,"← 10 - AVT : Carburants / Fuel : 100 LL – JET A1 Air BP, Lubrifiants / Lubricants : NIL HOR / SKED : LUN-VEN / MON-FRI : 0800-1700. Paiement comptant, Cartes bancaires ou carte BP - JF et en dehors de ces HOR ATS : Automate carte BP (envergure max 15 m). Cash payment, Credit card or BP card - Public HOL and outside ATS SKED : Fuel dispenser with BP card (max wing span 15 m). Utilisation de la borne d'appel d'urgence de la station d'avitaillement : uniquement HOR ATS. Hors HOR ATS : appeler le 112 ou le 18. Use of emergency call box of fuel station : only during ATS SKED. Outside ATS SKED, call 112 or 18. © Service de l'Information Aéronautique, France AMDT 08/26 AD 2 LFBU TXT 03 AIP FRANCE 09 JUL 2026 ANGOULEME BRIE CHAMPNIERS",
LFBX,PERIGUEUX BASSILLAC,100LL|JET_A1,100LL=self_service|JET_A1=restricted,45.197500,0.815278,"← 10 - AVT : AVGAS 100 LL : H24 7/7 - Automate carte bancaire seulement / credit card dispenser only. JET A1 : HOR ATS / ATS SKED - Paiement carte VISA, chèque, espèces et cartes brokers (WFS, AEGFUELS, JETEX, AVFUEL, G-OPS, TITAN AVIATION FUELS) / by VISA card, cheque, cash or brokers card (WFS, AEGFUELS, JETEX, AVFUEL, G-OPS, TITAN AVIATION FUELS).",
LFBY,DAX SEYRESSE,100LL|UL91,100LL=restricted|UL91=restricted,43.689167,-1.068889,10 - AVT : Carburants sur demande / Fuel on request : MIL : F34 - CIV : 100 LL - UL 91 Paiement / Payment : - MIL : Carte SCALP / SCALP Card  05 58 35 93 34 - CIV : Espèces ou chèque bancaire / Cash or cheque  05 58 74 14 20,
LFBZ,BIARRITZ PAYS BASQUE,100LL|JET_A1,100LL=self_service|JET_A1=restricted,43.468333,-1.531111,"← 10 - AVT : Carburants / Fuel : 100 LL* - JET A1. ACFT sous contrat / ACFT under contract. Cartes de crédit / Credit cards : VISA, MASTERCARD, AMEX, BP, SIGNATURE. (1500 euros MAX, au-delà avec PPR / beyond this with PPR au / on 06 21 00 90 39). Paiement espèces / Cash payment : (1000 euros MAX). HOR : 0500-2100 - HN : O/R avant / before 2000 - TEL : 05 59 23 62 49 - FAX : 05 59 23 62 88. *AVT 100 LL : Automate uniquement avec carte de crédit BP. Pour HEL, accès à l'installation uniquement par roulage. Peut ne pas être assuré aux ACFT de plus de 13 m d'envergure. Autre moyen de paiement O/R au 05 59 23 62 49 ou à partir du téléphone disponible à la pompe. *AVT 100 LL : Automatic dispenser only with BP credit card. For HEL, installation access only by taxiing. May not be provided to ACFT whose wingspan is greater than 13 m. Other means of payment O/R to 05 59 23 62 49 or from phone available at fuel pump.",
LFCA,CHATELLERAULT TARGE,100LL,100LL=restricted,46.780278,0.550556,"10 - AVT : Carburant / Fuel 100 LL HX - TEL : 05 49 21 00 82 Chèques français / French cheques, Cartes Bancaires / Credit Card.",
LFCB,BAGNERES DE LUCHON,100LL,100LL=restricted,42.800556,0.601111,10 - AVT : Carburant / Fuel : 100 LL - Lubrifiant / Lubricant : 80 - 100 HJ. Paiement comptant uniquement / Cash payment only.,
LFCC,CAHORS LALBENQUE,100LL|JET_A1,100LL=restricted|JET_A1=restricted,44.350556,1.478611,"10 - AVT : HOR ATS / ATS SKED - Carburant / Fuel : Station Total 100 LL (pistolet). Automate H24 pour les détenteurs de la carte TOTAL, autres paiements acceptés uniquement pendant les HOR AVT. / 100 LL (nozzle). Automatic dispenser for TOTAL card holders, other payments only during AVT SKED. JET A1 (pistolet ou coupling) uniquement pendant les heures AVT (CIV-MIL). / JET A1 (nozzle or connector) only during AVT SKED (CIV-MIL). Paiement : espèces, carte crédit, carte TOTAL, chèques, carte SEA AEG FUEL (MIL). / Payment : cash, credit card, TOTAL card, cheques, SEA AEG FUEL card (MIL). - Lubrifiant / Lubricant : NIL.",
LFCD,ANDERNOS LES BAINS,100LL,100LL=restricted,44.755000,-1.065000,"10 - AVT : Carburant / Fuel : 100 LL CIV : HX, O/R ACB, paiement comptant , CB, chèque / cash payment , credit card, cheque. Lubrifiants / Lubricants : NIL.",
LFCE,GUERET SAINT LAURENT,100LL,100LL=restricted,46.175556,1.953056,← 10 - AVT : Carburant / Fuel 100LL. Paiement comptant ou carte bancaire / Cash payment or credit card. PPR auprès de l'exploitant d'aérodrome. PPR from AD operator. Lubrifiants / Lubricant : NIL.,
LFCF,FIGEAC LIVERNON,100LL,100LL=restricted,44.672500,1.788056,"10 - AVT : 100 LL : HX. Paiement par chèque, espèces. Payment by cheques, cash.",
LFCG,SAINT GIRONS ANTICHAN,100LL,100LL=unknown,43.007778,1.103056,10 - AVT : Carburant / Fuel : 100LL. Lubrifiant / Lubricant : W 80. Paiement en espèce ou en CB / Cash or credit card payment,
LFCH,ARCACHON LA TESTE DE BUCH,100LL|JET_A1|UL_AERO,100LL=self_service|JET_A1=restricted|UL_AERO=self_service,44.596944,-1.113889,"← 10 - AVT : Carburant / Fuel : UL AERO SUPER+, 100LL, JET A1. AVT automatique disponible avec carte TOTAL et CB (uniquement 100LL et AERO SUPER+). Automatic fuel dispenser available with TOTAL card and Credit Card (only for 100LL and AERO SUPER+). Non porteurs de carte, contacter la TWR pendant les HOR suivants : Non-card holders, contact TWR during the following SKED : 15 APR - 15 SEP : 0830-1045, 1300-1700 16 SEP - 14 APR : 0800-1045, 1315-1530.",
LFCI,ALBI LE SEQUESTRE,100LL|JET_A1,100LL=self_service|JET_A1=self_service,43.913333,2.116667,"10 - AVT : Carburants / Fuel : 100 LL - JET A1. Lubrifiant / Lubricant : NIL . Automate H24 (carte AIR TOTAL) / Automaton station H24 (AIR TOTAL card). HOR ATS : espèces ou carte bancaire acceptées / Cash payment or credit card accepted. En dehors de ces HOR, PPR PN 24 HR / Outside these SKED, PPR PN 24 HR. TEL : 05 63 49 15 27 (CIV - MIL).",
LFCJ,JONZAC NEULLES,100LL|JET_A1,100LL=restricted|JET_A1=restricted,45.483056,-0.423056,10 - AVT : Carburant / Fuel : 100 LL - JET A1 - Carte TOTAL / TOTAL card. Paiement en espèces possible avec PPR / Cash payment is possible upon PPR.,
LFCK,CASTRES MAZAMET,100LL|JET_A1,100LL=restricted|JET_A1=restricted,43.555000,2.290556,"10 - AVT : Carburants / Fuel : 100 LL, JET A1 - Lubrifiants / Lubricants : NIL. HOR RFFS uniquement / RFFS SKED only. Paiement : CB, Carte BP / Payment : credit Card, BP card.",
LFCL,TOULOUSE LASBORDES,100LL|UL91,100LL=self_service|UL91=self_service,43.587778,1.498611,"← 10 - AVT : 100 LL, UL91 H24 par carte TOTAL ou carte bancaire / H24 for TOTAL or credit card.",
LFCM,MILLAU LARZAC,100LL,100LL=self_service,43.989167,3.183333,"10 - AVT : Carburants / Fuel : 100LL. Lubrifiants / Lubricants : NIL. Automate H24, carte TOTAL / H24 dispenser, TOTAL credit card.",
LFCN,NOGARO,100LL,100LL=self_service,43.768889,-0.034722,10 - AVT : Carburant / Fuel : 100LL sans automate / no automatic dispenser Lubrifiant / Lubricant : 80 (CIV-MIL) HJ. Paiement comptant ou carte crédit TOTAL / Cash payment or TOTAL credit card.,
LFCO,OLORON HERRERE,100LL,100LL=restricted,43.164722,-0.560278,10 - AVT : Carburant / Fuel : 100LL ; voir HOR ACB / see ACB SKED.,
LFCP,PONS AVY,100LL,100LL=restricted,45.565833,-0.513611,10 - AVT : Carburant / Fuel : 100 LL - Lubrifiants / Lubricants : NIL. (CIV - MIL) HJ - Paiement comptant par chèque ou espèces. Payment in cash or cheque.,
LFCQ,GRAULHET MONTDRAGON,100LL,100LL=self_service,43.768611,2.007778,"10 - AVT : Carburant / Fuel : 100 LL. Station automatique H24 (carte TOTAL). Paiement comptant, chèque / Cash payment, cheque. O/R ACB de Graulhet PN 48 HR MNM. Inscription sur/ Registration on : https://www.aeroclub-graulhet.com/informations-generaleslfcq/",
LFCR,RODEZ AVEYRON,100LL|JET_A1,100LL=self_service|JET_A1=restricted,44.407500,2.483333,"← 10 - AVT : Horaires d'ouverture : voir NOTAM / Opening hours : see NOTAM. JET A1 disponible durant les horaires d'ouverture du service avitaillement. En dehors de ces heures l'avitaillement peut être fourni sur PPR 48HR par e-mail : handling@aeroport-rodez.fr / JET A1 available during refueling service SKED. Outside of these SKED refueling may be provided on PPR 48HR by e- mail : handling@aeroport-rodez.fr AVGAS automate disponible avec carte TOTAL seulement / AVGAS automate available with TOTAL card only. Durant les heures d'ouverture du service avitaillement : paiement en carte de crédit disponible / During refueling service SKED : credit card payment available. En dehors des heures d'ouverture du service avitaillement : automate carte TOTAL seulement / Outside refueling service SKED : TOTAL card ATM only. Carburants / Fuel : JET A1 (CIV-MIL), AVGASS 100LL. Lubrifiants / Lubricants : NIL. Paiement : espèces, carte AIR-TOTAL, CB VISA, MASTERCARD, AMEX. Payment : cash, AIR-TOTAL card",
LFCS,BORDEAUX LEOGNAN SAUCATS,100LL|UL91,100LL=restricted|UL91=restricted,44.699167,-0.597222,10 - AVT : 100 LL/UL 91 PPR 06 77 63 68 41. Carte de crédit / Credit card Lubrifiants / Lubricants : NIL.,
LFCT,THOUARS,,,46.961944,-0.152778,10 - AVT : Carburant / Fuel : NIL. Pas de fourniture de lubrifiant / No supply of lubricant (CIV-MIL) HX. O/R ACB.,
LFCU,USSEL THALAMY,100LL|SUPER_PLUS,100LL=restricted|SUPER_PLUS=restricted,45.535833,2.424722,"10 - AVT : Carburant / Fuel 100 LL. SP 98 HX. Paiement comptant ou par chèque / Cheque or cash payment. PPR pour la délivrance des carburants et paiement comptant, chèque ou carte bleue. PPR for fuel delivery and cash payment, cheque or credit card.",
LFCV,VILLEFRANCHE DE ROUERGUE,100LL|SUPER_PLUS,100LL=restricted|SUPER_PLUS=restricted,44.368889,2.026944,"← 10 - AVT : Carburant / Fuel : 100LL, SP 98 - Lubrifiant / Lubricant : D 80 (CIV MIL). HJ sur / on PPR ACB.",
LFCW,VILLENEUVE SUR LOT,100LL,100LL=self_service,44.399167,0.759444,10 - AVT : Carburant / Fuel 100 LL - Lubrifiants / Lubricant : NIL. HX chèque ou espèces (contact ACB au préalable) / cheques or cash (prior contact ACB). H 24 carte TOTAL (automate) / TOTAL card (automatic dispenser).,
LFCX,CASTELSARRASIN MOISSAC,100LL,100LL=self_service,44.085833,1.126944,10 - AVT : Carburant / Fuel : 100 LL. Automate par carte bancaire H24. / Automatic dispenser with credit card H24.,
LFCY,ROYAN MEDIS,100LL|JET_A1,100LL=self_service|JET_A1=restricted,45.631111,-0.975556,"10 - AVT : Automate 100LL : carte TOTAL et CB H24 / 100LL automatic dispenser: TOTAL card and credit card H24. Automate Jet A1 : carte TOTAL H24, ou CB pendant HOR ATS / Jet A1 automatic dispenser : TOTAL card H24, or credit card accepted ATS SKED only. Borne de recharge électrique / Electric charging station.",
LFCZ,MIMIZAN ASSOLLANT LEFEVRE ET LOTTI,100LL,100LL=self_service,44.145833,-1.164722,"10 - AVT : Carburant / Fuel : 100 LL H24 Paiement, cartes de crédit VISA, MASTERCARD. Cash, credit cards VISA, MASTERCARD.",
LFDA,AIRE SUR L'ADOUR,UL91,UL91=unknown,43.708611,-0.247222,10 - AVT : Carburant / Fuel : UL91. TEL : 07 82 77 32 56. Paiement : Carte Bancaire / Payment : Credit Card.,
LFDB,MONTAUBAN,100LL,100LL=self_service,44.026667,1.376944,"10 - AVT : Carburant / Fuel : 100 LL. Lubrifiant assuré en dépannage / Lubricant : emergency supply only (AERO DM 15W50) 0800-1100, 1300-1800. CB Visa Mastercard (Automate 100 LL) / Credit Card Visa Mastercard (Fuel dispenser 100 LL) MIL : TRO - F34 uniquement / only. PPR du / from 9ème RSAM - TEL : 05 63 91 37 03.",
LFDC,MONTENDRE MARCILLAC,UL91,UL91=restricted,45.273611,-0.453333,"10 - AVT : Carburant / Fuel UL 91 seulement / only : 0800-1100, 1300-1700. Paiement par chèque, carte de crédit ou en espèces / Cheques, credit card or cash payment.",
LFDE,EGLETONS,UL91,UL91=restricted,45.420556,2.067778,10 - AVT : Carburant / Fuel: UL 91 HX. Paiement comptant carte bancaire uniquement / Card only. Gestion Aéroclub / ACB management : TEL : 05 55 93 09 50. Lubrifiant / Lubricant: NIL.,
LFDF,SAINTE FOY LA GRANDE,100LL,100LL=restricted,44.852500,0.175556,10 - AVT : Carburant / Fuel : 100 LL - Lubrifiant / Lubricant : 80. (CIV-MIL) O/R : ACB Cercle Aéronautique Foyen Paiement comptant / Cash payment .,
LFDG,GAILLAC LISLE SUR TARN,,,43.883056,1.874167,10 - AVT : NIL.,
LFDH,AUCH GERS,100LL|JET_A1,100LL=self_service|JET_A1=self_service,43.686944,0.600000,"10 - AVT : Carburant / Fuel 100 LL - JET A1 (CIV-MIL) - Lubrifiants / Lubricants : NIL. Station automatique TPV carte TOTAL / Automatic station TPV TOTAL card : H24. HOR ATS : carte de credit VISA, Mastercard ou paiement comptant. PPR en dehors de ces HOR. ATS SKED : VISA credit card, Mastercard or cash payment. PPR outside these SKED.",
LFDI,LIBOURNE ARTIGUES DE LUSSAC,100LL,100LL=restricted,44.984167,-0.137222,"← 10 - AVT : 100 LL (CIV-MIL). LUN-VEN / MON-FRI 0800-1600, O/R PN 48 HR par TEL exploitant / by TEL operator. Paiement : par virement ou internet (www.payfip.gouv.fr), pas d'espèces ni de chèque. Payment : by transfer or internet (www.payfip.gouv.fr), no cash, no cheque.",
LFDJ,PAMIERS LES PUJOLS,100LL|JET_A1,100LL=self_service|JET_A1=self_service,43.090556,1.695833,"10 - AVT : Carburants : 100 LL. AVGAS, JET A1. Station automatisée TPV carte TOTAL. Lubrifiant : NIL. HOR AFIS. Paiement carte TOTAL, chèques français, paiement en espèces accepté. Fuel : 100 LL, AVGAS, JET A1. Automatic station TPV TOTAL card. Lubricant: NIL. AFIS SKED. Payment: TOTAL card, French cheque, cash.",
LFDK,SOULAC SUR MER,100LL|JET_A1,100LL=self_service|JET_A1=self_service,45.493889,-1.083889,← 10 - AVT : Carburants / Fuel : 100LL - JET A1 (CIV - MIL). Carte TOTAL / TOTAL card H24. Lubrifiants / Lubricants : NIL.,
LFDL,LOUDUN,100LL,100LL=self_service,47.036111,0.100833,"← 10 - AVT : Carburant / Fuel : 100LL - Lubrifiant / Lubricant : 80-100. Automate par carte TOTAL. Paiement comptant (espèces - CB - chèque). PN 2 HR : TEL : 07 66 57 42 61. Automatic dispenser with TOTAL card. Cash payment (cash, credit card, cheque). PN 2 HR: TEL : + 33 (0)7 66 57 42 61.",
LFDM,MARMANDE VIRAZEIL,100LL,100LL=self_service,44.499167,0.200278,10 - AVT : Carburant / Fuel : 100LL. Lubrifiant / Lubricant : AERO DM. Automate SR-SS / Automatic dispenser SR-SS . Paiement : carte TOTAL / Payment : TOTAL card.,
LFDN,ROCHEFORT CHARENTE-MARITIME,100LL|JET_A1,100LL=self_service|JET_A1=self_service,45.889444,-0.982222,10 - AVT : Carburants / Fuel : 100 LL - JET A1. LUN-DIM : 0800-1600. Libre Service. MON-SUN : 0800-1600. Self-service. Paiement / Payment : CB / AVCARD.,
LFDP,SAINT PIERRE D'OLERON,100LL,100LL=self_service,45.957778,-1.311389,← 10 - AVT : Carburants / Fuel : 100LL. Automate TOTAL / TOTAL dispenser.,
LFDQ,CASTELNAU MAGNOAC,100LL,100LL=restricted,43.277500,0.519444,10 - AVT : HX. Carburants / Fuel : 100LL - Lubrifiants / Lubricants : 15 W 50 TEL : ACB.,
LFDR,LA REOLE FLOUDES,,,44.566944,-0.057222,10 - AVT : NIL.,
LFDS,SARLAT DOMME,100LL,100LL=self_service,44.792222,1.243611,"10 - AVT : Carburant / Fuel : 100 LL Automate carte TOTAL Energies / Automatic fuel dispenser TOTAL Energies card : H24. Cartes VISA ou Eurocard, espèces / VISA or Eurocard cards, cash : HX. Lubrifiants / Lubricants : NIL.",
LFDT,TARBES LALOUBERE,100LL|UL91,100LL=self_service|UL91=self_service,43.215000,0.077500,"10 - AVT : Carburants / Fuel TOTAL 100 LL et / and UL 91: station automatique de paiement par carte TOTAL ou aux heures d'ouvertures de l'aéroclub de Bigorre par carte bancaire (VISA, MASTERCARD) / automatic dispenser by TOTAL card or during ACB de Bigorre SKED by credit card (VISA, MASTERCARD).",
LFDU,LESPARRE SAINT LAURENT MEDOC,100LL,100LL=restricted,45.196389,-0.884722,"← 10 - AVT : Carburant / Fuel : 100LL , SR-SS. O/R exploitant par / by TEL.",
LFDV,COUHE VERAC,100LL|SUPER_PLUS,100LL=restricted|SUPER_PLUS=restricted,46.270556,0.188333,← 10 - AVT : Carburant / Fuel : 100 LL - SP98 - O/R ACB. Lubrifiant / Lubricant : NIL.,
LFDW,CHAUVIGNY,100LL,100LL=restricted,46.583333,0.642222,10 - AVT : 100 LL - espèces ou chèques bancaires / sur PPR / with PPR.,
LFDX,FUMEL MONTAYRAL,100LL,100LL=restricted,44.459167,1.007222,"10 - AVT : Carburant / Fuel : 100 LL Lubrifiant / Lubricant : W 80 (CIV) HX - O/R ACB - Paiement comptant, chèques ou espèces / Cheques or cash payment.",
LFDY,BORDEAUX YVRAC,100LL,100LL=restricted,44.877222,-0.479167,10 - AVT : Carburant / Fuel : 100LL - Lubrifiant / Lubricant : W 80 (CIV-MIL) HJ.,
LFEA,BELLE ILE,100LL,100LL=restricted,47.326111,-3.198889,10 - AVT : Carburant / Fuel : 100 LL. Lubrifiant / Lubricant : NIL. Uniquement en dehors des HOR ATS / only outside ATS SKED . Paiement comptant / Cash payment . Pas d'avitaillement entre le 15/11 et le 01/03 ; du 02/03 au 30/04 inclus : AVT non assuré le mercredi. No fuel between 15/11 and 01/03 ; from 02/03 up to including 30/04 : no fuel on WED.,
LFEB,DINAN TRELIVAN,100LL,100LL=self_service,48.443333,-2.103333,10 - AVT : Carburant / Fuel 100 LL. Paiement uniquement sur automate par carte de crédit ou carte TOTAL / Payment only on the automatic dispenser by credit card or TOTAL card.,
LFEC,OUESSANT,,,48.463333,-5.063611,10 - AVT : NIL.,
LFED,PONTIVY,,,48.056944,-2.923333,← 10 - AVT : AVGAS paiement par CB / payement with CB.,
LFEF,AMBOISE DIERRE,100LL,100LL=self_service,47.340556,0.941111,10 - AVT : Carburant / Fuel : 100LL. Station en libre service par automate avec carte TOTAL. Self-service station with dispenser TOTAL credit card.,
LFEG,ARGENTON SUR CREUSE,100LL,100LL=restricted,46.595833,1.601111,10 - AVT : Carburant / Fuel : 100 LL. PPR PN 24 HR auprès de l'exploitant / from AD operator. Paiement comptant chèque ou espèces / Cash payment cheque or cash.,
LFEH,AUBIGNY SUR NERE,100LL,100LL=restricted,47.479722,2.392778,← 10 - AVT : Carburant / Fuel : TOTAL : 100 LL O/R PN 1 HR TEL : ACB. PPR 24 HR E-mail.,
LFEI,BRIARE CHATILLON,100LL,100LL=restricted,47.614444,2.781944,← 10 - AVT : Carburants / Fuel : 100 LL (CIV-MIL). Lubrifiants / Lubricants : NIL. 0700-1600 sauf MER / except WED. Chèque bancaire préféré. / Bank cheque preferred.,
LFEJ,CHATEAUROUX VILLERS,100LL,100LL=self_service,46.840833,1.620000,"10 - AVT : AVGAS 100 LL : Automate, paiement CB exclusivement / Automatic dispenser, credit card only (SR-30, SS+30).",
LFEK,ISSOUDUN LE FAY,,,46.888611,2.041389,10 - AVT : NIL.,
LFEL,LE BLANC,,,46.620000,1.085833,10 - AVT : NIL.,
LFEM,MONTARGIS VIMORY,100LL,100LL=self_service,47.960556,2.685833,10 - AVT : Carburant / Fuel : 100 LL Automate H24 Paiement comptant et carte TOTAL Automatic dispenser H24 Cash payment and TOTAL card.,
LFEN,TOURS SORIGNY,,,47.266389,0.699167,← 10 - AVT : NIL.,
LFEP,POUILLY MACONGE,,,47.220556,4.560278,10 - AVT : Réservé / Reserved ACB.,
LFEQ,QUIBERON,100LL|JET_A1,100LL=self_service|JET_A1=self_service,47.481389,-3.101667,"10 - AVT : Carburant / Fuel : AVGAS 100LL / JET A1 Automate / automatic dispenser AIR TOTAL H24. Pendant les horaires ATS / During ATS SKED : TEL ATS ou / or E-mail ATS. Absence ATS PPR 48 HR - TEL : 02 97 30 24 00 ou / or E-mail ATS. Lubrifiants / Lubricants : NIL Paiement / Payment : Carte TOTAL, comptant, chèque ou carte bancaire / TOTAL card, cash, cheque or credit card.",
LFER,REDON BAINS SUR OUST,,,47.698611,-2.038056,10 - AVT : NIL.,
LFES,GUISCRIFF SCAER,100LL,100LL=self_service,48.053611,-3.664167,10 - AVT : Carburants / Fuel : 100 LL. Lubrifiants / Lubricants : 100 : H 24 si paiement par carte TOTAL / H 24 if payment by TOTAL card . Paiement par carte TOTAL. Payment by TOTAL card.,
LFET,TIL CHATEL,100LL,100LL=unknown,47.546389,5.210833,10 - AVT : Carburant / Fuel : 100 LL - Lubrifiant / Lubricant : 80-100.,
LFEU,BAR LE DUC LES HAUTS DE CHEE,,,48.868889,5.188611,10 - AVT : NIL.,
LFEV,GRAY SAINT ADRIEN,100LL|JET_A1,100LL=self_service|JET_A1=self_service,47.432222,5.621389,"10 - AVT : Carburant / Fuel : 100 LL et / and JET A1, H24 et / and 7j/7 / 7 days on 7. Lubrifiant / Lubricants : possible. S'adresser à / Contact JG Aviation. Paiement carte TOTAL uniquement sur automate / Payment by TOTAL card only on automatic dispenser.",
LFEW,SAULIEU LIERNAIS,100LL,100LL=restricted,47.238611,4.264444,10 - AVT : Carburant / Fuel : 100LL. Lubrifiants / Lubricants: 80 W - 100 W HX O/R. Paiement comptant ou chèques / Cash payment or cheques.,
LFEX,NANCY AZELOT,,,48.591944,6.239722,10 - AVT : NIL.,
LFEY,ILE D'YEU,,,46.717500,-2.392500,10 - AVT : NIL.,
LFEZ,NANCY MALZEVILLE,,,48.723611,6.206389,10 - AVT : NIL.,
LFFB,BUNO BONNEVAUX,100LL,100LL=restricted,48.350278,2.424444,"10 - AVT : Carburant / Fuel : 100LL, Super - Lubrifiants / Lubricants : 80 - 100 - 120. Réservé ACB / Reserved for ACB .",
LFFC,MANTES CHERENCE,100LL,100LL=restricted,49.078056,1.688333,10 - AVT : Carburant / Fuel : 100LL (réservé ACB / reserved for ACB ) - Lubrifiant / Lubricant : NIL.,
LFFD,SAINT ANDRE DE L'EURE,100LL,100LL=self_service,48.897500,1.250833,"10 - AVT : Carburant / Fuel : 100LL disponible : automate / dispenser. Paiement / payment : carte de crédit, carte TOTAL / credit card, TOTAL card.",
LFFE,ENGHIEN MOISSELLES,100LL,100LL=unknown,49.045556,2.351944,10 - AVT : Carburant / Fuel 100 LL.,
LFFG,LA FERTE GAUCHER,,,48.757500,3.278889,10 - AVT : NIL.,
LFFH,CHATEAU THIERRY BELLEAU,,,49.066667,3.355556,10 - AVT : NIL.,
LFFI,ANCENIS,100LL|JET_A1,100LL=self_service|JET_A1=self_service,47.407222,-1.178889,"10 - AVT : Carburant / Fuel : 100LL, JET A1. Lubrifiant / Lubricant : NIL. Station automatique : carte de crédit ou paiement comptant. Automatic fuel dispenser : credit card or cash payment.",
LFFJ,JOINVILLE MUSSEY,,,48.385278,5.143333,10 - AVT : NIL.,
LFFK,FONTENAY LE COMTE,,,46.440833,-0.793889,← 10 - AVT : NIL.,
LFFL,BAILLEAU ARMENONVILLE,100LL|UL91,100LL=restricted|UL91=restricted,48.514722,1.638611,10 - AVT : Carburant / Fuel AVGAS 100LL et AVGAS UL91. Lubrifiant / Lubricant : qualité aviation / aviation quality. Réservé aux ACFT basés / Reserved for home-based ACFT.,
LFFN,BRIENNE LE CHATEAU,100LL,100LL=unknown,48.429722,4.482222,← 10 - AVT : 100 LL. .,
LFFO,BEAUVOIR FROMENTINE,JET_A1,JET_A1=restricted,46.890556,-2.088611,"10 - AVT : Jet A1 disponible pour HEL uniquement, O/R OYA Vendée Hélicoptères. Jet A1 available for HEL only O/R OYA Vendée Helicoptères.",
LFFP,PITHIVIERS,100LL,100LL=restricted,48.156389,2.191111,10 - AVT : Carburant / Fuel : 100 LL - Lubrifiant / Lubricant : 60 (CIV) HX (voir / see ACB).,
LFFQ,LA FERTE ALAIS,100LL|JET_A1,100LL=unknown|JET_A1=self_service,48.499444,2.330000,10 - AVT : Carburant / Fuel : 100 LL; JET A1 : Automate Carte BP / BP card dispenser.,
LFFR,BAR SUR SEINE,,,48.066111,4.412500,10 - AVT : NIL.,
LFFT,NEUFCHATEAU,,,48.361667,5.720278,10 - AVT : NIL.,
LFFU,CHATEAUNEUF SUR CHER,100LL,100LL=restricted,46.871111,2.376944,10 - AVT : Carburant / Fuel : 100LL - Lubrifiants / Lubricants : 80-800 (CIV-MIL) HX TEL : ACB (PPR la veille / PPR the day before).,
LFFV,VIERZON MEREAU,,,47.194722,2.066667,"10 - AVT : Carburant / Fuel : NIL, Lubrifiant / Lubricant : NIL.",
LFFW,MONTAIGU ST GEORGES,,,46.932222,-1.327222,10 - AVT : NIL.,
LFFX,TOURNUS CUISERY,,,46.561389,4.975278,10 - AVT : NIL.,
LFFY,ETREPAGNY,100LL,100LL=restricted,49.305278,1.637778,← 10 - AVT : AVGAS 100 LL réservé aux ACFT basés / reserved for home-based ACFT .,
LFFZ,SEZANNE SAINT REMY,100LL|UL91,100LL=restricted|UL91=restricted,48.709444,3.762778,"10 - AVT : Carburant / Fuel : 100 LL, UL 91 - HX. Paiement comptant chèque ou espèce / Payment : cheque or cash.",
LFGA,COLMAR HOUSSEN,100LL|JET_A1,100LL=restricted|JET_A1=restricted,48.110278,7.359167,"← 10 - AVT : Lubrifiants / Lubricants : NIL Carburant / Fuel : 100LL, JET A1 , AVGAS. LUN-VEN / MON-FRI : 0700-1100, 1300-1600. LUN-VEN / MON-FRI : 1100-1300 PPR 24 HR exploitant AD / AD operator Hors HOR / Outside SKED : PPR 72 HR exploitant AD / AD operator Paiement comptant, chèque ou carte de crédit. Paiement 24/7 avec carte AIR BP. Cash payment, cheque or credit card. Payment 24/7 with AIR BP card.",
LFGB,MULHOUSE HABSHEIM,100LL,100LL=restricted,47.737222,7.429722,"10 - AVT : Carburant / Fuel : 100 LL, Lubrifiant / Lubricant : qualité aviation / aviation quality (CIV). MULHOUSE Air service : LUN-JEU / MON-THU : 0700-1100, 1230-1700. VEN / FRI : 0700-1100, 1230-1530. Règlement : chèque, CB ou espèces / Payment : check, credit card or cash. TEL : 03 89 44 17 80 - FAX : 03 89 63 76 45.",
LFGC,STRASBOURG NEUHOF,100LL|JET_A1,100LL=unknown|JET_A1=unknown,48.553611,7.777500,10 - AVT : Carburant / Fuel : AVGAS 100 LL - JET A1. Paiement par CB ou carte AEGFuel avec préavis conseillé au 07 72 07 16 06. Payment by credit card or AEGFuel card with advised PN at 07 72 07 16 06.,
LFGE,AVALLON,100LL,100LL=restricted,47.501944,3.898333,10 - AVT : Carburant / Fuel : 100LL - Lubrifiant / Lubricant : W80D (CIV) - HX Réservé aux membres de l'ACB / Reserved for ACB members.,
LFGF,BEAUNE CHALLANGES,100LL,100LL=self_service,47.010278,4.896389,← 10 - AVT : Carburant / Fuel : 100LL H24 automate carte TOTAL et cartes bancaires / H24 automate TOTAL and credit cards. Paiement comptant / cash payment : HOR / SKED : O/R ACB Beaunois Lubrifiant / Lubricant : 15W50 (CIV). HOR/ SKED : O/R (contact : voir / see ACB Beaunois ou / or Air Services 21).,
LFGG,BELFORT CHAUX,100LL,100LL=restricted,47.701111,6.830833,"10 - AVT : Carburants / Fuel : 100 LL . Appelez au préalable / Contact before : 07 44 80 05 28 Paiement comptant, chèque ou carte de crédit / Cash payment, cheque or credit card.",
LFGH,COSNE SUR LOIRE,100LL,100LL=restricted,47.360278,2.918333,"← 10 - AVT : Carburant / Fuel : 100 LL LUN-JEU / MON-THU : 0600-1000 et/ and 1200-1500, VEN / FRI : 0600-0900. En dehors de ces HOR, O/R Loire Aviation / Outside these SKED, O/R Loire Aviation. Paiement par chèque ou espèce / Cheque payment or cash payment.",
LFGI,DIJON DAROIS,100LL|JET_A1|SUPER_PLUS,100LL=unknown|JET_A1=unknown|SUPER_PLUS=unknown,47.385278,4.946944,"10 - AVT : Carburant / Fuel : 100LL : AIR TOTAL : carte de crédit TOTAL ou paiement comptant à l'ACB / TOTAL credit card or cash payment to the ACB. JET A1, 100LL, SP95 : AVIA TEL : 06 49 75 14 88. Règlement possible par carte bancaire / possible payment by credit card.",
LFGJ,DOLE TAVAUX,100LL|JET_A1,100LL=restricted|JET_A1=restricted,47.042778,5.435000,"10 - AVT : Carburants / Fuels : 100 LL, JET A1 - Lubrifiants / Lubricants : NIL. (CIV-MIL) paiement comptant, carte BP, carte bancaires / cash, BP card, credit cards. HOR ATS / ATS SKED.",
LFGK,JOIGNY,100LL,100LL=restricted,47.994444,3.390833,10 - AVT : Carburants / Fuel : 100 LL - HX. Paiement comptant / Cash payment. PPR 48 HR.,
LFGL,LONS LE SAUNIER COURLAOUX,100LL,100LL=restricted,46.675000,5.469167,"10 - AVT : Carburant / Fuel : 100LL, Lubrifiant / Lubricant : W 80 (CIV) - HX Paiement comptant ou chèques / Cash payment or cheques. TEL : 03 84 24 71 81.",
LFGM,MONTCEAU LES MINES POUILLOUX,100LL|UL91,100LL=self_service|UL91=restricted,46.603333,4.332778,"10 - AVT : Carburant / Fuel: 100 LL Automate avec carte de crédit TOTAL H 24 / Automatic dispenser with TOTAL credit card H24. UL 91, Lubrifiant / Lubricant: 80 - 100 W : 0800-1500 tous les jours (été), sauf mardi (hiver). Réglement par CB, chèques ou espèces / 0800-1500 every day (summer), except tuesday (winter). CB, cash payment or cheque.",
LFGN,PARAY LE MONIAL,,,46.466667,4.133056,10 - AVT : NIL.,
LFGO,PONT SUR YONNE,100LL,100LL=self_service,48.289444,3.248889,"10 - AVT : Carburant / Fuel : 100LL. Lubrifiant / Lubricant : NIL. Paiement : carte TOTAL (Automate) tous les jours, possiblité chèque ou espèces SAM et DIM . Payment : TOTAL card (automatic) every day, cheque or cash possible SAT and SUN.",
LFGP,SAINT FLORENTIN CHEU,,,47.981389,3.776944,10 - AVT : NIL.,
LFGQ,SEMUR EN AUXOIS,100LL,100LL=restricted,47.481111,4.343056,"10 - AVT : Carburant / Fuel : 100LL (CIV) HX ou / or O/R PN 48 HR à / to ACB. Paiement par chèque, espèces / Cheque and cash payment.",
LFGR,DONCOURT LES CONFLANS,100LL,100LL=restricted,49.151944,5.931389,"10 - AVT : Carburant / Fuel : 100 LL, Lubrifiant / Lubricant : aéro DM 15W50. HX. Paiement comptant ou par carte TOTAL. Cash payment or by TOTAL credit card.",
LFGS,LONGUYON VILLETTE,100LL,100LL=restricted,49.483611,5.571944,10 - AVT : Carburant / Fuel : 100 LL. Réservé aux aéronefs basés / Reserved for home-based ACFT.,
LFGT,SARREBOURG BUHL,,,48.718333,7.080000,10 - AVT : NIL.,
LFGU,SARREGUEMINES NEUNKIRCH,100LL,100LL=unknown,49.127500,7.106667,← 10 - AVT : Carburant / Fuel : 100LL.,
LFGW,VERDUN SOMMEDIEUE,100LL,100LL=self_service,49.122222,5.470833,10 - AVT : Carburant / Fuel : 100LL. Automate carte Total / Total card automatic dispenser.,
LFGX,CHAMPAGNOLE CROTENAY,,,46.763333,5.819722,10 - AVT : NIL.,
LFGY,SAINT DIE REMOMEIX,100LL,100LL=self_service,48.266389,7.007500,10 - AVT : Carburants / Fuel : 100 LL. Automate H24 : paiement carte TOTAL uniquement / H24 dispenser: payment TOTAL card only. Lubrifiants / Lubricants : NIL.,
LFGZ,NUITS SAINT GEORGES,100LL,100LL=restricted,47.142222,4.968333,"← 10 - AVT : Carburant / Fuel : 100LL, Lubrifiant / Lubricant : NIL. Uniquement sur demande, en contactant l'AD - Paiement comptant. Only O/R after contact with AD - Cash payment.",
LFHA,ISSOIRE LE BROC,100LL,100LL=restricted,45.513889,3.266111,"10 - AVT : Carburant / Fuel : 100 LL , contacter / call ACB Pierre Herbaud.",
LFHB,BISCARROSSE HYDROBASE,,,44.360000,-1.167778,10 - AVT : NIL.,
LFHC,PEROUGES MEXIMIEUX,UL91,UL91=restricted,45.868611,5.186111,10 - AVT : Carburant / Fuel : UL91 (CIV-MIL) HX. Paiement comptant / Cash payment TEL : 04 27 41 01 43. Quantité limitée / Limited amount.,
LFHD,PIERRELATTE,100LL,100LL=restricted,44.397778,4.716944,"10 - AVT : Carburants / Fuel : 100 LL - Lubrifiants / Lubricants : 80 D. HJ sauf LUN et MAR. Paiement chèques, espèces, carte bleue ou carte TOTAL. HJ except on MON, TUE. Payment by cheque, cash, credit card or TOTAL card.",
LFHE,ROMANS SAINT PAUL,100LL,100LL=restricted,45.064722,5.101389,← 10 - AVT : HJ - Carburant / Fuel 100 LL sur demande à / O/R to 07 69 75 73 26 - Lubrifiant / Lubricant : NIL. HX : carte TOTAL uniquement / TOTAL card only. Automate / Automaton.,
LFHF,RUOMS,,,44.444722,4.332778,10 - AVT : NIL.,
LFHG,SAINT CHAMOND L'HORME,100LL,100LL=restricted,45.491944,4.534444,10 - AVT : Réservé aux aéronefs basés / Reserved for home-based aircraft. Carburants / Fuel : 100LL. Lubrifiants / Lubricant : 80 (CIV) HJ sauf LUN / Daytime except MON.,
LFHH,VIENNE REVENTIN,100LL,100LL=unknown,45.462778,4.827778,"10 - AVT : carburant / fuel : 100LL ; lubrifiant / lubricant : qualité aviation / aviation type. (CIV-MIL) paiement comptant, quantité limitée / Cash payment, limited quantity.",
LFHI,MORESTEL,100LL,100LL=restricted,45.686944,5.452500,"10 - AVT : Carburant / Fuel : 100LL, Lubrifiant / Lubricant : NIL. O/R ACB. Paiement comptant / Cash payment.",
LFHJ,LYON CORBAS,100LL,100LL=restricted,45.652778,4.912222,10 - AVT : Carburant / Fuel : 100 LL (CIV) - Lubrifiant / Lubricant : qualité aviation / aviation quality (CIV). HX (réservé aux ACFT basés / reserved for home based ACFT ).,
LFHL,LANGOGNE LESPERON,,,44.705556,3.887222,10 - AVT : NIL.,
LFHM,ALTIPORT / MOUNTAIN AIRFIELD,100LL|JET_A1,100LL=restricted|JET_A1=restricted,45.824444,6.648333,10 - AVT : Carburants / Fuel : 100LL. Exploitant sur AD / Operator on AD. JET A1 : MBH TEL : 04 50 92 78 00. HJ O/R 24HR paiement comptant ou par chèques / Cash payment or cheques. Lubrifiant / Lubricant : NIL.,
LFHN,BELLEGARDE VOUVRAY,100LL,100LL=restricted,46.123333,5.804722,"← 10 - AVT : 100 LL / AKI (compatible Rotax). Paiement comptant cash ou chèque à l'ACB, par CB sur rendez-vous avec l'ACB. Cash payment or cheque to ACB, credit cards by appointment with ACB.",
LFHO,AUBENAS ARDECHE MERIDIONALE,100LL|JET_A1,100LL=self_service|JET_A1=self_service,44.539444,4.371667,"10 - AVT : 100 LL : H24. Automate avec carte bancaire. JET A1 : du LUN au VEN sauf JF : avec préavis de 24 HR, carte bancaire uniquement. 100 LL: H24. Fuel dispenser with credit card. JET A1: from MON to FRI except HOL: with PN 24 HR, credit card only.",
LFHP,LE PUY LOUDES,100LL|JET_A1,100LL=self_service|JET_A1=self_service,45.079722,3.763333,"10 - AVT : HOR RFFS / RFFS SKED. Automate H24 CB / Automatic fuel dispenser H24 CB. Carburants / Fuel : 100 LL : 20 m³, JET A1 : 40 m³.",
LFHQ,SAINT FLOUR COLTINES,100LL,100LL=self_service,45.075000,2.992500,"← 10 - AVT : Carburant / Fuel : 100 LL, AKI93 Présence d'un AUTOMATE CB uniquement (carte TOTAL non acceptée) / Automatic credit card machine (TOTAL card not accepted).",
LFHR,BRIOUDE BEAUMONT,,,45.323889,3.358333,10 - AVT : Réservé aux aéronefs basés.,
LFHS,BOURG CEYZERIAT,100LL|UL91,100LL=self_service|UL91=self_service,46.205556,5.291667,"10 - AVT : AVGAS 100 LL et UL 91 H24 par carte TOTAL, ou bureau de piste par chèque, espèces et CB. AVGAS 100 LL and UL 91 H24 by TOTAL card, or cheque, cash or credit card in reporting office. HOR / SKED : 0900-1600.",
LFHT,AMBERT LE POYET,100LL,100LL=self_service,45.515556,3.745000,10 - AVT : Carburants / Fuel : 100 LL. Pas de pompe automatique / No automatic fuel pump. Lubrifiants / Lubricants : qualité aviation / aviation type. (CIV) HJ O/R.,
LFHU,ALTIPORT/MOUNTAIN AIRFIELD,100LL|JET_A1,100LL=unknown|JET_A1=unknown,45.087500,6.083611,"10 - AVT : Carburant / Fuel : 100LL (1) - JET A1 (2) - Lubrifiant / Lubricant : NIL. (1) Association de Gestion de l'Altiport - JACK PORTE - TEL : 06 88 48 70 49. Distribution uniquement pendant les saisons touristiques, règlement par chèques ou espèces accepté. Delivery only during touristic seasons, cash payment or cheques accepted. (2) Service Aérien Français - TEL : 04 76 80 65 49. Paiement comptant, ou chèques. Cash payment, or cheques.",
LFHV,VILLEFRANCHE TARARE,100LL|JET_A1,100LL=self_service|JET_A1=self_service,45.920000,4.635000,"10 - AVT : Carburant / Fuel : JET A1, AVGAS 100LL - HOR / SKED : H24. Paiement par automate carte bancaire / Payment by automatic dispenser. MIL : carte AEG acceptée sur demande auprès de l'exploitant / AEG card granted on request from operator",
LFHW,BELLEVILLE VILLIE MORGON,,,46.141111,4.713889,← 10 - AVT : NIL,
LFHX,LAPALISSE PERIGNY,,,46.253056,3.587500,10 - AVT : NIL,
LFHY,MOULINS MONTBEUGNY,100LL|JET_A1,100LL=self_service|JET_A1=self_service,46.534444,3.421667,"10 - AVT : Carburant / Fuel : 100LL, JET A1. Possibilité d'avitaillement sous pression / Coupling available. Automate avec carte TOTAL H24 / Automatic fuel dispenser with TOTAL card : H24. Lubrifiant / Lubricant : NIL. ← HOR AFIS : Paiement comptant, carte VISA / AFIS SKED : cash payment, VISA card.",
LFIB,BELVES SAINT PARDOUX,,,44.781389,0.957500,10 - AVT : NIL.,
LFID,CONDOM VALENCE SUR BAÏSE,,,43.909167,0.386111,← 10 - AVT : NIL,
LFIF,SAINT AFFRIQUE BELMONT,100LL,100LL=restricted,43.822778,2.747222,10 - AVT : Carburants / Fuel : 100 LL - Lubrifiant / Lubricants : NIL. O/R,
LFIG,CASSAGNES BEGONHES,,,44.178333,2.517778,10 - AVT : NIL.,
LFIH,CHALAIS,,,45.266944,0.015833,10 - AVT : NIL.,
LFIK,RIBERAC TOURETTE,,,45.239444,0.265833,10 - AVT : NIL.,
LFIL,RION DES LANDES,,,43.915833,-0.949167,10 - AVT : NIL.,
LFIM,SAINT GAUDENS MONTREJEAU,100LL,100LL=restricted,43.107500,0.619167,10 - AVT : Carburant / Fuel : 100 LL - Lubrifiant / Lubricant : 80 CIV HX - TEL : ACB du Comminges.,
LFIP,ALTIPORT / MOUNTAIN AIRFIELD,,,42.796944,0.433889,10 - AVT : NIL.,
LFIR,REVEL MONTGEY,,,43.480278,1.978889,"10 - AVT : Carburant / Fuel : 91 UL, O/R. TEL : 05 61 83 53 73. Paiement comptant / Cash Payment.",
LFIS,SAINT INGLEVERT LES DEUX CAPS,,,50.882500,1.736111,10 - AVT : NIL.,
LFIT,TOULOUSE BOURG SAINT BERNARD,UL91,UL91=restricted,43.611111,1.724167,10 - AVT : Carburant / Fuel : UL 91. Lubrifiant / Lubricant : NIL. HX réservé aux ACFT basés / reserved for home based ACFT.,
LFIV,VENDAYS MONTALIVET,,,45.380556,-1.115833,10 - AVT : NIL.,
LFIX,ITXASSOU,100LL,100LL=restricted,43.336389,-1.423333,10 - AVT : Carburant / Fuel : 100LL - Lubrifiant / Lubricant : 100. Réservé aux avions de servitude du centre de vol à voile / Reserved for service ACFT from gliding center.,
LFIY,SAINT JEAN D'ANGELY ESSOUVERT,,,45.965278,-0.524444,← 10 - AVT : Carburant / Fuel : NIL.,
LFJA,CHAUMONT SEMOUTIERS,,,48.091667,5.050000,10 - AVT : Carburant / Fuel : NIL,
LFJB,MAULEON,,,46.903056,-0.697500,10 - AVT : NIL.,
LFJC,CLAMECY,,,47.437500,3.507500,10 - AVT : NIL.,
LFJD,ALTIPORT / MOUNTAIN AIRFIELD,,,46.039722,5.496111,10 - AVT : NIL.,
LFJE,ALTIPORT / MOUNTAIN AIRFIELD,,,44.496667,5.403333,10 - AVT : NIL.,
LFJF,AUBENASSON,,,44.695278,5.153889,10 - AVT : NIL.,
LFJH,CAZERES PALAMINY,,,43.200833,1.050000,10 - AVT : NIL.,
LFJI,MARENNES,,,45.823889,-1.077222,10 - AVT : NIL.,
LFJL,METZ NANCY LORRAINE,JET_A1,JET_A1=restricted,48.978333,6.246667,"10 - AVT : Carburant / Fuel : JET A1. LUN-DIM : pour tout ACFT commercial programmé. En dehors de ces créneaux, renseignements auprès de l'exploitant avec possibilité sur demande via astreinte. MON-SUN : for any scheduled commercial ACFT. Outside these SKED, ask AD operator with possible O/R via on call duty. E-mail / TEL Exploitant / AD operator .",
LFJR,ANGERS MARCE,100LL|JET_A1,100LL=self_service|JET_A1=self_service,47.560278,-0.312222,"10 - AVT : Carburants / Fuel : 100LL, JET A1. Lubrifiant / Lubricant : NIL. Automate H24 par carte bancaire ou badge EDEIS uniquement. Camion 13 m3 : LUN-VEN : 0730-1645 SAM-DIM : Sur demande Paiement comptant pendant les horaires d'ouverture, cartes acceptées : AEG, AVCARD, COLT Intl, WFS. Avitaillement à crédit avec World Fuel Service et AEG. Automatic fuel dispenser H24 with credit card or EDEIS badge only. 13 m3 Fuel Truck : MON-FRI : 0730-1645 SAT-SUN : O/R Cash payment during opening hours, cards accepted : AEG, AVCARD, COLT Intl, WFS. Fuel release via World Fuel Service and AEG. © Service de l'Information Aéronautique, France AMDT 06/25 AD 2 LFJR TXT 04 AIP FRANCE 15 MAY 2025 ANGERS MARCE",
LFJS,SOISSONS COURMELLES,100LL,100LL=restricted,49.345000,3.283056,10 - AVT : Carburant / Fuel : 100 LL. PPR TEL : 06 20 94 03 65 Paiement comptant / Cash payment.,
LFJT,TOURS LE LOUROUX,,,47.150000,0.712778,10 - AVT : NIL.,
LFJU,LURCY LEVIS,,,46.712222,2.944722,10 - AVT : NIL.,
LFJV,LASCLAVERIES,,,43.425278,-0.286944,10 - AVT : NIL.,
LFJY,CHAMBLEY,100LL|JET_A1|UL91,100LL=self_service|JET_A1=self_service|UL91=restricted,49.025556,5.876111,"← 10 - AVT : 100 LL : Paiements cartes TOTAL H24 / Payment TOTAL card H24. 100 LL, UL91 : O/R paiements par CB, cash, chèque / O/R payments by credit card, cash, cheque. JET A1 : Paiements / payments CB H24. O/R paiements par cash, chèque / O/R payments by cash, cheque. TEL : 03 29 89 30 10 ou / or 06 07 85 15 39.",
LFKA,ALBERTVILLE GAL P. DELACHENAL,100LL|JET_A1,100LL=restricted|JET_A1=restricted,45.626389,6.328889,"10 - AVT : Carburant / Fuel : JET A1 auprès du / ask for SAF, 100 LL HX auprès de / ask for ACB. Paiement comptant et cartes de crédit TOTAL / Cash payment and TOTAL credit card.",
LFKB,BASTIA PORETTA,100LL|JET_A1,100LL=unknown|JET_A1=restricted,42.550000,9.484722,← 10 - AVT : Carburants / Fuel : 100 LL. JET A1 - 0600-1800. En dehors de ces HOR O/R avant 1500 pour JET A1 Outside these SKED O/R before 1500 for JET A1 TEL : 04 95 54 54 74. Lubrifiants / Lubricants : NIL. Paiement : cartes BP (ou CB) Payment : BP cards (or CB),
LFKC,CALVI SAINTE CATHERINE,100LL|JET_A1,100LL=restricted|JET_A1=restricted,42.524444,8.793056,"10 - AVT : Carburants / Fuel : 100LL, JET A1 (par camions / by trucks). ETE / SUM : 0600 - 1000, 1200 - 1600 HIV / WIN : 0800 - 1100, 1400 - 1700 En dehors de ces horaires : PPR 1 HR sauf vols commerciaux programmés. Outside these SKED : PPR 1 HR except for scheduled commercial flights. Moyens de paiement / payment means : CB Visa, Eurocard, Eurochèques, chèques, Euros, Mastercard, American Express Cartes / Cards : UVAIR - World Fuel Service - BP. TEL. : 04 95 65 05 45 / 06 11 69 20 54 FAX : 04 95 65 31 46.",
LFKD,SOLLIERES SARDIERES,,,45.253889,6.801111,10 - AVT : NIL.,
LFKE,SAINT JEAN EN ROYANS,,,45.026389,5.309167,← 10 - AVT : NIL.,
LFKF,FIGARI SUD CORSE,100LL,100LL=restricted,41.502222,9.096667,"10 - AVT : Carburants / Fuel : 100LL- JET- A1 - Lubrifiant / Lubricant : NIL. HOR : 0400 - 2000. Extension si départ planifié après 2000 / Extension if departure planned after 2000. TEL : 06 35 24 05 88. Aviation Générale : PPR obligatoire auprès de l'exploitant / General aviation : PPR mandatory from AD operator. Paiement comptant, carte bancaire ou carte TOTAL / Cash, credit card or TOTAL card.",
LFKG,GHISONACCIA ALZITONE,100LL|JET_A1,100LL=restricted|JET_A1=restricted,42.054444,9.400278,"10 - AVT : Carburant / Fuel : 100 LL, Jet A1, réservé aux ACFT basés - disponible avec préavis ou sur demande incluse dans le PPR / reserved for home-based ACFT - available with prior notice or with prior request included in PPR. Lubrifiant / Lubricant : NIL.",
LFKH,SAINT JEAN D'AVELANNE,,,45.515833,5.679444,10 - AVT : NIL.,
LFKJ,AJACCIO NAPOLEON BONAPARTE,100LL|JET_A1,100LL=self_service|JET_A1=restricted,41.923611,8.795278,"10 - AVT : Carburants / Fuel : 100LL – JET A1/TR0. AIR BP (CIV-MIL) 0500-1900 - TEL : 06 70 87 87 82. Lubrifiant / Lubricant : NIL En dehors de ces HOR, uniquement sur demande à l'atterrissage avec délai d'intervention maxi de 2HR. TEL : 04 95 22 79 81. Station automatique AVGAS 100LL H24 avec carte BP. Paiement : Cartes pétrolières (carte BP, US Government Air Card), cartes bancaires (Visa, Eurocard, Mastercard), espèces (euros - maxi 750 euros TTC par livraison), chèques : aucun. Outside these SKED, only on request after landing with a maximum lead time of 2HR. TEL : 04 95 22 79 81. AVGAS 100LL H24 automatic dispenser with BP card. Payment : Petrol cards (BP card, US Government Air Card), credit cards (Visa, Eurocard, Mastercard), cash (euros - max 750 euros tax included per delivery), cheques : none.",
LFKL,LYON BRINDAS,100LL,100LL=restricted,45.710556,4.696667,10 - AVT : Carburants / Fuel : 100 LL possible : O/R TEL : ACB.,
LFKM,SAINT GALMIER,,,45.606389,4.305000,10 - AVT : NIL.,
LFKO,PROPRIANO,JET_A1,JET_A1=self_service,41.660278,8.893889,"10 - AVT : Jet A1 - AVGAS - Automat (Carte bleue VISA, Master card).",
LFKP,LA TOUR DU PIN CESSIEU,,,45.557500,5.386111,10 - AVT : Carburant / Fuel : NIL.,
LFKR,SAINT REMY DE MAURIENNE,100LL,100LL=restricted,45.375000,6.277778,"10 - AVT : Carburant / Fuel : 100LL HOR / SKED ACB, Lubrifiant / Lubricant : NIL.",
LFKT,CORTE,,,42.290278,9.192500,10 - AVT : NIL.,
LFKX,ATTERRISSAGE A VUE ALTIPORT/MOUNTAIN,,,45.407500,6.577500,10 - AVT : NIL.,
LFKY,BELLEY PEYRIEU,100LL,100LL=restricted,45.693889,5.691667,"10 - AVT : Carburant / Fuel : 100 LL. Lubrifiants / Lubricants : Aero DM (CIV) SAM, DIM et JF / SAT, SUN and public HOL : HX.",
LFLA,AUXERRE BRANCHES,100LL|JET_A1,100LL=self_service|JET_A1=self_service,47.846389,3.496667,10 - AVT : Carburants / Fuel : 100 LL - JET A1. Lubrifiants / Lubricants : NIL. H 24 carte TOTAL / TOTAL card. Paiement comptant / Cash payment : HOR ATS / ATS SKED.,
LFLB,CHAMBERY AIX LES BAINS,100LL|JET_A1,100LL=self_service|JET_A1=self_service,45.639167,5.880000,"← 10 - AVT : Carburants / Fuel : 100LL, JET A1 HOR / SKED : JET A1 : 01 MAI-30 NOV / 01 MAY-30 NOV : LUN-VEN / MON-FRI : 0700-1930 SAM-DIM / SAT-SUN : 0830-1730 01 DEC-30 AVR / 01 DEC-30 APR : 0700-1930 AVGAS : 01 MAI-30 NOV / 01 MAY-30 NOV : LUN-VEN / MON-FRI : 0700-1930 SAM-DIM / SAT-SUN : 0830-2000 01 DEC-30 AVR / 01 DEC-30 APR : 0700-1930 (Automate 100LL uniquement avec carte BP / Autofuel terminal 100LL only with BP card). Lubrifiants / Lubricants : NIL. Paiement / Payment 100LL : Cartes de crédit Visa, Mastercard - BP - Espèces : € / Visa Credit Cards, Mastercard - BP - Cash : €. Paiement / Payment JET A1 : Cartes de crédit Visa, Mastercard, BP, American Express, Diner's club - Espèces : € / Visa Credit Cards, Mastercard, BP, American Express, Diner's club - Cash : €.",
LFLC,CLERMONT FERRAND AUVERGNE,100LL|JET_A1,100LL=self_service|JET_A1=self_service,45.786111,3.162500,10 - AVT : Carburants / Fuel TOTAL ENERGIES : 100 LL. JET A1 TRO (MIL). Lubrifiants / Lubricants : NIL. Tous aéronefs / All ACFT 0500-2100 : JET A1 et / and JET A1 SAF. Station autonome ouverte / Self service station open H24 : AVGAS 100LL et / and JET A1. TEL : +33 4 73 62 71 15 - E-mail : avitaillement@aeroport-clermont.fr Paiement : carte Total Energies pour la station autonome. Payment : Total Energies card for self service station.,
LFLD,BOURGES,100LL|JET_A1,100LL=self_service|JET_A1=self_service,47.060833,2.370000,"10 - AVT : Carburants / Fuel : 100LL - Jet A1. Possible H24 par carte bancaire. / Available with credit card H24. LUN-VEN : 0730-1700. SAM, DIM et JF : 0730-1600. MON-FRI: 0730-1700. SAT, SUN and HOL: 0730-1600. © Service de l'Information Aéronautique, France AMDT 13/24 AD 2 LFLD TXT 03 AIP FRANCE 28 NOV 2024 BOURGES",
LFLE,CHAMBERY CHALLES LES EAUX,100LL,100LL=unknown,45.560556,5.975833,10 - AVT : 100 LL - Paiement par carte TOTAL uniquement / Payment only by TOTAL card.,
LFLG,GRENOBLE LE VERSOUD,100LL|JET_A1|UL91,100LL=self_service|JET_A1=self_service|UL91=self_service,45.218056,5.848611,"10 - AVT : Carburant / Fuel : AVGAS 100LL - UL91 - JET A1. Lubrifiant / Lubricant : NIL. Libre service : H24 avec les cartes Air BP, Sterling Card pour AVGAS 100LL - UL91 - JET A1. H24 avec CB VISA et MASTERCARD pour UL91 uniquement. Service par agent avitailleur : AVGAS 100LL et JET A1 uniquement. Du 1er avril au 30 septembre : 0730-1045, 1230-1615. Du 1er octobre au 31 mars : 0800-1045, 1230-1545. Fermé le 25 décembre et le 1er janvier. Paiement par carte bancaire uniquement : Visa, Master Card, American Express. Self service : H24 with Air BP, Sterling cards for AVGAS 100LL - UL91 - JET A1. H24 with VISA and MASTERCARD for UL91 only. Service by fueller agent : AVGAS 100LL and JET A1 only. From april 1st to september 30th : 0730-1045, 1230-1615. From october 1st to march 31st : 0800-1045, 1230-1545. Closed on december 25th and january 1st. Payment by credit card only : Visa, Master Card, American Express.",
LFLH,CHALON CHAMPFORGEUIL,100LL|JET_A1,100LL=self_service|JET_A1=self_service,46.828333,4.816944,"10 - AVT : Carburant : AVGAS 100LL, JET A1. Paiement carte de credit via Automate H24 ou espèces, Fuel release AEG, WFS, JETEX 0800-1700 Lubrifiant : O/R par téléphone exploitant, 0700-1700 Fuel : AVGAS 100LL, JET A1. Payment by credit card H24 or cash, Fuel release AEG, WFS, JETEX 0800-1700 Lubricants : O/R by phone operator, 0700-1700",
LFLI,ANNEMASSE,100LL|JET_A1,100LL=restricted|JET_A1=restricted,46.191944,6.268333,"10 - AVT : Carburants / Fuel : 100LL, JET A1 . Lubrifiants / Lubricants : 80, 100 (CIV-MIL) HJ, Paiement comptant et cartes de crédit TOTAL / Cash payment and TOTAL credit cards.",
LFLJ,ALTIPORT/MOUNTAIN AIRFIELD,100LL|JET_A1,100LL=unknown|JET_A1=unknown,45.395833,6.632500,← 10 - AVT : Carburants / Fuel : 100 LL. Exploitant sur AD / Operator on AD. JET A1 HEL : SOCIETE SAF - TEL : 04 79 08 00 91. - E-mail : ops@saf-helico.com JET A1 ACFT : NIL.,
LFLL,LYON SAINT EXUPERY,JET_A1,JET_A1=self_service,45.725556,5.081111,10 - AVT : Carburant / Fuel : JET A1. Lubrifiants / Lubricants : ELF 80 - F 100 (CIV-MIL). Cartes de crédit ou paiement comptant / credit card or cash. HOR/ SKED : H24 camions avitailleurs. Pas de restrictions / H24 fueling trucks. No restrictions. HN : PN 20 min pour / for HOR / SKED : 2300-0230.,
LFLM,MACON CHARNAY,100LL,100LL=restricted,46.295833,4.795833,"10 - AVT : Carburants / Fuel : MAR-SAM : 0800-1100, 1230-1600 sauf jours feriés : - SANS PLOMB 98 et 100LL : paiement liquide, carte bancaire ou chèque - 100LL : tous les jours avec carte total. TUE-SAT: 0800-1100, 1230-1600 Except bank holidays. - UNLEADED 98 and 100LL : cash payment, credit card or cheque - 100LL : every day with total card.",
LFLN,SAINT YAN,100LL|JET_A1,100LL=restricted|JET_A1=restricted,46.406667,4.021111,"10 - AVT : Carburant / Fuel : 100 LL - JET A1. Sauf SAM, DIM et JF / Except SAT, SUN and public HOL. HIV / WIN : - LUN-JEU / MON-THU : 0630-2030 - VEN / FRI : 0630-1830 ETE / SUM : - LUN-JEU / MON-THU : 0530-2030 - VEN / FRI : 0530-1730 En dehors de ces HOR, avitaillement possible après accord sur demande dernier jour ouvrable avant 1500 / Outside these SKED, possible refueling after agreement on request last working day before 1500. Paiement : espèces, chèques, CB, cartes AEG, virement ou bon modèle 19. Payment only by cash, cheques, credit card, AEG cards, bank transfer or ""modèle 19"" vouchers. TEL : 06 79 21 64 41.",
LFLO,ROANNE,100LL|JET_A1|UL91,100LL=self_service|JET_A1=self_service|UL91=self_service,46.052778,3.999722,"← 10 - AVT : Carburants / Fuel : 100 LL, Jet A1, UL91 HOR AFIS / AFIS SKED Lubrifiants / Lubricants : NIL Paiement comptant, cartes bancaires, chèques / Cash, credit cards, cheques. Tous carburants / All fuels : CB H24 Exonération TIC uniquement en présence de RFFS / TIC exemption only in the presence of RFFS.",
LFLP,ANNECY MEYTHET,100LL|JET_A1|UL_AERO,100LL=self_service|JET_A1=self_service|UL_AERO=self_service,45.930833,6.106389,"← 10 - AVT : Carburants / Fuel : 100 LL, UL Aéro Super +, électricité / electricity , JET A1, JET A1 SAF (suivre ligne 6 / follow line 6) Automates H24 envergure max 16 m : 100 LL, UL Aéro Super +, électricité (poste 61), JET A1 (paiement JET A1 automate par carte TotalEnergies uniquement) Self-Service H24 max span 16 m : 100 LL, UL Aéro Super +, electricity (stand 61), JET A1 (JET A1 self- service payment only with TotalEnergies card) Au poste 0800-1800 : JET A1 et JET A1 SAF (paiement JET A1 SAF par carte TotalEnergies ou Fuel release uniquement) On the stand 0800-1800 : JET A1 and JET A1 SAF (JET A1 SAF payment with TotalEnergies card or fuel release only) Carte TotalEnergies, VISA, MASTERCARD, espèces euros. TotalEnergies card, VISA, MASTERCARD, cash euros. TEL : 04 50 27 22 50 / 06 61 70 98 22.",
LFLQ,MONTELIMAR ANCONE,UL91,UL91=restricted,44.580278,4.739167,"← 10 - AVT : AVGAS UL 91. HX : voir / see ACB de Montélimar. Quantité limitée / Limited quantities . Paiement comptant ou carte bancaire. Cash payment or credit card. Approvisionnement entre 0900 et 1700, uniquement sur RDV fixé la veille au 06 95 46 87 14 Refuelling : between 0900 and 1700, only with appointment the day before to + 33 (0)6 95 46 87 14",
LFLR,SAINT RAMBERT D'ALBON,100LL,100LL=restricted,45.255000,4.824722,"10 - AVT : Carburant / Fuel : 100 LL - Lubrifiants / Lubricant : NIL. HX, carte de crédit TOTAL ou paiement comptant / TOTAL credit card or cash payment.",
LFLS,GRENOBLE ALPES ISERE,100LL|JET_A1,100LL=restricted|JET_A1=restricted,45.363056,5.332778,"10 - AVT : Carburants / Fuel : 100LL - JET A1 par camion / by truck : selon HOR ATS. / according to ATS SKED. Vols privés, officiels et commerciaux, HOR prolongés O/R. Private, official and commercial flights SKED extended O/R. TEL : +33 4 76 65 55 17.",
LFLT,MONTLUCON DOMERAT,,,46.352778,2.570556,10 - AVT : NIL.,
LFLU,VALENCE CHABEUIL,100LL|JET_A1,100LL=self_service|JET_A1=self_service,44.915556,4.968611,"10 - AVT : Carburant / Fuel : AVGAS 100 LL - JET A1, Lubrifiant / Lubricant : NIL. LUN-VEN / MON-FRI : 0700-1800, sauf JF / except public HOL. Camion avitailleur / Refueling truck : JET A1. LUN-VEN / MON-FRI : 0700-1800. Paiement : carte TOTAL, carte bancaire, espèce / Payment : TOTAL card, credit card, cash. En dehors de ces HOR : automate JET A1 et AVGAS 100LL avec carte TOTAL uniquement H24 / Outside these SKED : JET A1 and AVGAS 100LL dispenser with TOTAL card only, H24.",
LFLV,VICHY CHARMEIL,100LL,100LL=self_service,46.171667,3.404167,10 - AVT : Carburants / Fuels : 100LL - Lubrifiants / Lubricants : NIL. H24 : cartes bancaires. HOR ATS : espèces (accord préalable exploitant). H24: credit cards. ATS SKED: cash (prior operator agreement). Absence ATS : H24 pour les possesseurs de la carte TOTAL / for TOTAL card holders.,
LFLW,AURILLAC,100LL|JET_A1,100LL=self_service|JET_A1=self_service,44.897500,2.416667,"← 10 - AVT : Carburant / Fuel : 100LL, JET A1. Lubrifiant / Lubricant : NIL. 100LL Carte de crédit ou carte TOTAL / 100 LL Credit card or TOTAL card. JET A1 Carte TOTAL / JET A1 TOTAL card. Automates H24 avec carte TOTAL / Automatic dispenser H 24 with TOTAL card. Paiement comptant / Cash payment : HOR RFFS / RFFS SKED.",
LFLX,CHATEAUROUX DEOLS,100LL|JET_A1,100LL=restricted|JET_A1=restricted,46.860278,1.721111,"10 - AVT : Carburants / Fuel : Jet A1, 100 LL. Lubrifiants / Lubricants : NIL. LUN-DIM / MON-SUN : 0730 -1900. En dehors de ces HOR : PPR 2 HR permanence exploitant AD / Outside these SKED : PPR 2 HR from duty office. Paiement 100 LL : cartes VISA, MASTERCARD et carte TOTAL. 100 LL payment : VISA, MASTERCARD and TOTAL Card.",
LFLY,LYON BRON,100LL|JET_A1|UL_AERO,100LL=self_service|JET_A1=restricted|UL_AERO=restricted,45.729444,4.938889,"← 10 - AVT : Carburants / Fuel : UL AERO SUPER+ - 100 LL - JET A1 (TOTAL Energies et / and Air BP). 0630-2230, carte crédit, Eurochèques ou paiement comptant. Société SCAL : Hors HOR ouverture, TEL : 06 34 53 30 58 Carte TOTAL à la station 100LL : H24. JET A1 : TOTAL ou BP (Carte TOTAL ou Carte Sterling). S'adresser au comptoir ADL dans le Terminal ou contacter FREQ OPS. 0630-2230, credit card, Eurocheques or cash payment. SCAL company : outside opening SKED, TEL : 06 34 53 30 58 TOTAL Card for 100LL : H24. JET A1 : TOTAL or BP (TOTAL card or Sterling card). Contact ADL desk counter inside terminal or contact OPS FREQ.",
LFLZ,FEURS CHAMBEON,,,45.706667,4.196944,10 - AVT : NIL.,
LFMA,AIX LES MILLES,100LL|JET_A1,100LL=self_service|JET_A1=self_service,43.505278,5.367222,"10 - AVT : Carburants / Fuel : 100LL, JET A1 Lubrifiants / Lubricants : NIL. Carte bancaire / Credit card : H24 Paiement comptant / Cash payment : HOR / SKED : voir exploitant / see operator. TEL : 06 13 17 34 24.",
LFMC,LE LUC LE CANNET,,,43.384722,6.386944,"10 - AVT : Carburant / Fuel : MIL : F34, F35 Lubrifiants / Oil : O 138 - O 150 - O 155 - O 156 - Autres / Others : H 515 HOR ATS / ATS SKED",
LFMD,CANNES MANDELIEU,100LL|JET_A1,100LL=restricted|JET_A1=restricted,43.546389,6.954167,"10 - AVT : Carburant / Fuel : 100 LL JET A1 HOR ATS ou PPR la veille / ATS SKED or PPR on previous day TEL : 04 93 90 42 02. Poste 7 (avitaillement AVGAS 100LL pompe fixe): poste 7.1 uniquement carte de crédit, poste 7.2 uniquement BP. Stand 7 (AVGAS 100LL stationary pump): stand 7.1 credit card only, stand 7.2 BP only. Lubrifiant / Lubricant : disponible / available .",
LFME,NIMES COURBESSAC,100LL,100LL=unknown,43.853056,4.414444,"← 10 - AVT : Carburants / Fuel : 100LL, Lubrifiants / Lubricants : NIL. SR-SS Gestion / Manager : SPL-AGATE Paiement : Carte Bleue",
LFMF,FAYENCE,,,43.608056,6.701667,10 - AVT : NIL.,
LFMG,MONTAGNE NOIRE,,,43.406389,1.989167,10 - AVT : NIL.,
LFMH,SAINT ETIENNE LOIRE,JET_A1,JET_A1=restricted,45.534167,4.297222,"← 10 - AVT : HOR : LUN-VEN 0815-1730 ; SAM-DIM et JF : avitaillement non assuré. - Avitaillement JET A1 : en dehors de ces horaires, avitaillement possible sur PPR (LUN-VEN : PPR PN 24HR ; SAM-DIM et JF : PPR PN 48HR). Par E-mail : operations@saint-etienne.aeroport.fr - Avitaillement AVGAS : Durant les heures d'ouverture, règlement carte bancaire et carte AIR TOTAL. En dehors de ces horaires : règlement uniquement en carte AIR TOTAL. SKED : MON-FRI 0815-1730 ; SAT-SUN and public HOL : fuelling not provided. - JET A1 fuelling : outside this SKED, fuelling possible with PPR (MON-FRI : PPR PN 24HR ; SAT- SUN and public HOL : PPR PN 48HR). By E-mail : operations@saint-etienne.aeroport.fr - AVGAS fuelling : during opening SKED, payment with bank card or AIR TOTAL card. Outside this SKED payment only with AIR TOTAL card. Lubrifiant / Lubricant : NIL.",
LFMI,ISTRES LE TUBE,100LL|JET_A1,100LL=restricted|JET_A1=restricted,43.522500,4.924167,10 - AVT : Carburants / Fuel : F34 - F35 (JetA1) - F18 (100LL). Hors HOR / Out of HOR : PN 1 HR Lubrifiants / Oil : NIL,
LFMK,CARCASSONNE SALVAZA,100LL|JET_A1,100LL=self_service|JET_A1=unknown,43.215833,2.308611,"10 - AVT : Carburants / Fuel : 100 LL en libre service / self-service . Paiement / Payment : Carte BP, Cartes de crédit / BP Card, Credit cards. Carburants / Fuel : JET A1 Paiement / Payment : Espèces (euro), Carte BP, Cartes de crédit / Cash (euro), BP Card, Credit cards. TEL : 04 68 71 96 47.",
LFML,MARSEILLE PROVENCE,100LL|JET_A1,100LL=unknown|JET_A1=unknown,43.436667,5.215000,"10 - AVT : Carburants / Fuel : 100LL, JET A1. Lubrifiants / Lubricants : Shell tous types (Aéromécanic), paiement : CB, contrats compagnies (toutes marques), espèces acceptées pour Gam/TOTAL / Shell any kind (Aéromecanic), payment : CB, company contracts (any brand), cash accepted for Gam/TOTAL.",
LFMN,NICE COTE D'AZUR,JET_A1,JET_A1=restricted,43.665278,7.215000,"10 - AVT : Carburants : Jet A1. SASCA : sans préavis 0400-2100 - TEL : 04 93 21 39 73. WF Aviation Services : sans préavis 0400-2200 - TEL : 04 83 76 28 13. En dehors de ces HOR, O/R PN 1 HR après l'atterrissage de l'appareil à l'exploitant AD ou assistant. Fuel : Jet A1. SASCA : without prior notice 0400-2100 - TEL : 04 93 21 39 73. WF Aviation Services : without prior notice 0400-2200 - TEL : 04 83 76 28 13. Outside these SKED, O/R PN 1 HR after landing to AD operator on AD or handling.",
LFMP,PERPIGNAN RIVESALTES,100LL|JET_A1|UL_AERO,100LL=self_service|JET_A1=restricted|UL_AERO=self_service,42.740833,2.869722,"10 - AVT : Carburant / Fuel : JET A1. 100LL/AVGAS et / and UL AERO SUPER + par automate en zone sud, proche hangar SABENA (roulettes indispensables pour hélicoptères) / by fuel dispenser in south area, close to hangar SABENA (necessary wheels for HEL). LUN-SAM / MON-SAT : 0500-2000, DIM / SUN : 0630-2000. Autres HOR O/R avant 1900 / Outside these SKED O/R before 1900. TEL : 04 68 61 28 14. AMDT 11/25 © Service de l'Information Aéronautique, France AIP FRANCE AD 2 LFMP TXT 06 02 OCT 2025 PERPIGNAN RIVESALTES",
LFMQ,LE CASTELLET,100LL|JET_A1,100LL=self_service|JET_A1=self_service,43.252222,5.786111,← 10 - AVT : Automate H24 JET A1-AVGAS 100LL : paiement par badge exploitant ou CB uniquement. Camion avitailleur JET A1 HOR ATS : paiement par CB ou espèces. H24 JET A1-AVGAS 100LL automated fuel dispenser payment by operator badge or credit card only. Refueling truck JET A1 ATS SKED : payment by credit card or cash. Lubrifiants / Lubricants : NIL.,
LFMR,BARCELONNETTE SAINT PONS,100LL|JET_A1,100LL=unknown|JET_A1=unknown,44.387222,6.609167,10 - AVT : Carburant / Fuel : 100LL - JET A1 - Lubrifiant / Lubricant : NIL (CIV-MIL) 0900-SS. En cas d'absence / If absence TEL : 06 51 37 98 04 / 06 30 20 69 02 Paiement : CB - chèques - espèces / Payment : Credit card - cheques - cash.,
LFMS,ALES CEVENNES,100LL,100LL=self_service,44.072778,4.143056,10 - AVT : Carburant 100LL. H24 : automate avec carte Air TOTAL. Fuel 100LL. H24 : dispenser with TOTAL card.,
LFMT,MONTPELLIER MEDITERRANEE,100LL|JET_A1,100LL=self_service|JET_A1=restricted,43.583333,3.961389,"← 10 - AVT 0300-2200 - TEL : 04 67 65 10 10 - FREQ 131.575 PN 30 MIN : En dehors de ces HOR / Outside these SKED : astreinte de nuit au / night duty on 04 67 65 10 70 (délai d'intervention de nuit 1 HR après appel; facturation surcoût déplacement de nuit) / (Night response time 1 HR after call; billing of night shift surchages) . Carburants/ Fuel : 100LL, JET A1 (CIV-MIL) Lubrifiants / Lubricants : NIL. JET A1 : 7 cuves de 120 m³, 1 camion de 36 m³ / 7 tanks 120 m³, 1 truck 36 m³ AVGAS 100LL : cuve de 50 m³, camions de 5800 litres 1 camion de 32 m³, 1 camion de 11 m³, 1 camion de 40 m³ / 50 m³ tank, trucks of 5800 litres 1 truck 32 m³, 1truck 11 m³,1 truck 40 m³ Pas de / No DEFUELING à / in Montpellier. Carte de crédit / Credit card :TOTAL ENERGIES, UVAIR, WORLD FUEL SERVICE, AVCARD, WORLD FUEL CONTRACT, COLT CARD, AVIATION INTO PLANE, PHILLIPS66 WINGS, AIR CARD, AMERICAN EXPRESS, CB. Paiement comptant / Cash payment (750 euros MAX) AUTOMATE AVGAS 100LL interdit aux hélicoptères / Auto",
LFMU,BEZIERS VIAS,100LL|JET_A1,100LL=self_service|JET_A1=restricted,43.323333,3.353333,"10 - AVT : HOR : voir / see NOTAM Carburants / Fuel : JET A1, 100LL Lubrifiants / Lubricants : NIL. Station automatique 24 HR AVGAS 100LL (Carte TOTAL uniquement) Paiement : comptant , carte de crédit Demande de carburant sur FREQ OPS exploitant. En dehors des HOR un surcoût de déplacement sera demandé. Self service 24 HR AVGAS 100LL available ( TOTAL card only) Payment : cash, credit card Fuel request on operator OPS FREQ . Outside SKED, an extension will be charged.",
LFMV,AVIGNON CAUMONT,100LL|JET_A1|UL_AERO,100LL=restricted|JET_A1=restricted|UL_AERO=restricted,43.906667,4.901944,"10 - AVT : Carburants / Fuel : AVGAS 100 LL - UL AERO SUPER+ - JET A1 – Lubrifiants / Lubricants : NIL. LUN-VEN / MON-FRI : ETE / SUM : 0500-1900, HIV / WIN : 0600-1930. SAM / SAT : 0630-1730. DIM / SUN : 0730-1830. Automate / Dispenser AVGAS 100LL (envergure MAX / MAX span 15 m) - UL AERO SUPER+ (envergure MAX / MAX span 10 m) : HOR AVT uniquement, paiement espèces, carte TOTAL et carte bancaire / AVT SKED only, payment by cash, TOTAL card and credit card. Hors HOR / Outside these SKED : TEL gestionnaire d'AD / AD operator.",
LFMW,CASTELNAUDARY VILLENEUVE,SUPER_PLUS|UL91,SUPER_PLUS=restricted|UL91=restricted,43.311111,1.920000,"10 - AVT : Carburant / Fuel : SP98 UL 91, Lubrifiant / Lubricant : NIL. (CIV-MIL) HOR ACB - Bons ENAC et MIL ou paiement comptant. ENAC and MIL vouchers or cash payment. Contacter l'ACB auparavant / Contact ACB in advance.",
LFMX,CHATEAU ARNOUX SAINT AUBAN,100LL,100LL=self_service,44.058611,5.990833,← 10 - AVT : AVGAS 100 LL (automate TOTAL énergie / TOTAL énergie automatic dispenser). Paiement : cartes TOTAL uniquement / Payment : TOTAL cards only. HOR : se renseigner auprès de l'exploitant (CNVV) / SKED : ask the AD operator (CNVV). Lubrifiants / Lubricants : NIL.,
LFMY,SALON DE PROVENCE,100LL|JET_A1,100LL=restricted|JET_A1=restricted,43.603056,5.108333,"10 - AVT : Carburant / Fuel : F18/100 LL - F34 (MIL) - JET A 1 (CIV) Lubrifiants / Oil : NIL LUN-JEU / MON-THU : 0645-1545 VEN / FRI : 0645-1345 SAM, DIM, JF / SAT, SUN, HOL : délai / notice 1 HR CIV ACFT : Demande d'avitaillement J -1 / Ask for fuel D -1 :  04 90 17 81 99 Paiement par chèque ou carte de crédit / Cheques or credit card payment",
LFMZ,LEZIGNAN CORBIERES,100LL,100LL=unknown,43.175000,2.732778,10 - AVT : Carburants / Fuel : 100 LL - Lubrifiant / Lubricant : NIL. Paiement comptant / Cash payment.,
LFNA,GAP TALLARD,100LL|JET_A1|UL91,100LL=self_service|JET_A1=restricted|UL91=self_service,44.453889,6.036667,"10 - AVT : Carburants / Fuel : 100LL - JET A1 - UL 91. HIV / WIN : 0800-1115, 1230-1530 - ETE / SUM : 0800-1115, 1230-1630. Paiement comptant, carte bancaire / Cash payment, credit card. Hors HOR, 100LL et UL 91 disponible par automate carte bancaire / Outside SKED, 100L and UL 91 available by credit card automatic dispenser. TEL : Exploitant AD / AD operator.",
LFNB,MENDE BRENOUX,100LL|JET_A1,100LL=self_service|JET_A1=self_service,44.504167,3.527500,"10 - AVT : Carburants / Fuel : 100 LL-JET A1 disponibles par automate H24 avec carte TOTAL. Si paiement comptant par chèque, contact préalable ATS ou exploitant d'aérodrome. Fuel dispenser : H24 with TOTAL credit card. If Cash payment by cheque, PN ATS or AD operator.",
LFNC,MONT DAUPHIN SAINT CREPIN,100LL|JET_A1,100LL=unknown|JET_A1=restricted,44.700556,6.599167,"← 10 - AVT : Carburant / Fuel : JET A1 : PPR PN 24 HR TEL Exploitant / AD operator. 100LL : paiement comptant, carte bancaire / cash payment, credit card. Lubrifiant / Lubricant : NIL. Vérifier possibilité avitaillement auprès de l'exploitant. Check refuelling possibilities with AD operator.",
LFNE,SALON EYGUIERES,100LL|SUPER_PLUS,100LL=restricted|SUPER_PLUS=restricted,43.657500,5.012778,10 - AVT : (CIV) Carburant / Fuel : 100 LL SP98 - Lubrifiants / Lubricants : NIL O/R PPR - TEL : 06 80 72 97 11.,
LFNF,VINON,100LL,100LL=unknown,43.736389,5.783056,"10 - AVT : AVGAS 100LL, SR-SS, carte TOTAL uniquement / TOTAL card only.",
LFNG,MONTPELLIER CANDILLARGUES,100LL,100LL=restricted,43.610278,4.070278,10 - AVT : Carburant / Fuel : 100 LL-Lubrifiant / Lubricant : NIL - 0700 - 1600. Gestion / Manager : Aéroclub de Camargue Paiement : Carte AIR TOTAL ou Comptant / AIR TOTAL card or cash.,
LFNH,CARPENTRAS,100LL|UL91,100LL=unknown|UL91=unknown,44.022500,5.090000,"10 - AVT : Carburants / Fuel : AVGAS 100 LL, UL 91. Lubrifiants / Lubricants : NIL.",
LFNJ,ASPRES SUR BUECH,UL91,UL91=self_service,44.517778,5.736111,← 10 - AVT : Carburant / Fuel : UL 91. Station automatique : carte bancaire uniquement / Automatic fuel dispenser : credit card only.,
LFNL,SAINT MARTIN DE LONDRES,,,43.800278,3.781667,10 - AVT : NIL.,
LFNN,NARBONNE,,,43.194167,3.051667,10 - AVT : NIL.,
LFNO,FLORAC SAINTE ENIMIE,,,44.285556,3.465556,"10 - AVT : NIL. AMDT 04/22 © Service de l'Information Aéronautique, France AIP FRANCE AD 2 LFNO TXT 02 24 MAR 2022 FLORAC SAINTE ENIMIE",
LFNQ,LA LLAGONNE LA QUILLANE,100LL,100LL=restricted,42.543333,2.120000,10 - AVT : Pour dépannage / Temporary fix : Carburant / Fuel : 100 LL Uniquement pendant les horaires d'ouverture du terrain. PPR ACB Only during opening hours of AD with PPR from ACB. Lubrifiant / Lubricant : NIL.,
LFNR,BERRE LA FARE,,,43.536667,5.177500,10 - AVT : NIL.,
LFNS,SISTERON VAUMEILH,,,44.286667,5.929167,10 - AVT : NIL.,
LFNT,AVIGNON PUJAUT,,,43.996111,4.754444,10 - AVT : NIL.,
LFNU,,,,44.083611,4.393889,10 - AVT : NIL.,
LFNV,VALREAS VISAN,100LL,100LL=self_service,44.335833,4.906944,"← 10 - AVT : Carburant / Fuel : 100 LL. Lubrifiant / Lubricant : DM 15 W 50 LUN-VEN / MON-FRI : HX, contacter / contact ACB . SAM-DIM / SAT-SUN : 1000-1700, contacter / contact ACB Paiement par CB, chèque, espèces / Payment by credit card, check, cash. Pas d'automate / No automatic fuel dispenser.",
LFNW,PUIVERT,,,42.910278,2.054722,10 - AVT : NIL.,
LFNX,BEDARIEUX LA TOUR SUR ORB,,,43.639722,3.144722,10 - AVT : NIL.,
LFNZ,LE MAZET DE ROMANIN,,,43.770833,4.894444,10 - AVT : Carburants / Fuel : NIL.,
LFOB,BEAUVAIS TILLE,100LL|JET_A1,100LL=self_service|JET_A1=restricted,49.454444,2.112778,"← 10 - AVT : Carburants / Fuel : JET A1 TR0 (CIV MIL). HOR ATS / ATS SKED. Cartes de crédit / Credit cards : Shell, World Fuel Service, Visa, Mastercard, ou paiement comptant / or cash payment. AVGAS (100 LL) H24 : Parking Nord, pompe automatique, paiement par carte de crédit / Parking North, automatic fuel pump, payment by credit card. Lubrifiants / Lubricants : NIL. TEL AVITAIR : 03 44 48 69 12 - FAX : 03 44 45 33 59.",
LFOC,CHATEAUDUN,100LL,100LL=self_service,48.057778,1.379722,← 10 - AVT : AVGAS 100 LL H24. Paiement carte de crédit uniquement / Payment Credit card only.,
LFOD,SAUMUR ST FLORENT,100LL,100LL=unknown,47.256667,-0.113611,"10 - AVT : AVGAS 100 LL : Paiement CB exclusivement (LS-30, CS + 30). AVGAS 100 LL : CB credit card only (SR-30, SS + 30).",
LFOF,ALENCON VALFRAMBERT,UL91,UL91=unknown,48.446667,0.108333,10 - AVT : Carburant / Fuel : UL 91.,
LFOG,FLERS SAINT PAUL,100LL,100LL=restricted,48.749722,-0.594722,10 - AVT : Carburants / Fuel : 100LL – Lubrifiants / Lubricants : 80-100. (CIV-MIL) HX.,
LFOH,LE HAVRE OCTEVILLE,100LL|JET_A1,100LL=self_service|JET_A1=restricted,49.533889,0.088056,"10 - AVT : JET A1 : HOR ATS uniquement ou sur demande auprès de l'exploitant / ATS SKED or upon request to AD operator. AVGAS 100LL : Automate H24. Paiement carte TOTAL ou carte de crédit / Payment TOTAL card or credit card. AMDT 09/25 © Service de l'Information Aéronautique, France AIP FRANCE AD 2 LFOH TXT 04 07 AUG 2025 LE HAVRE OCTEVILLE",
LFOI,ABBEVILLE,100LL|UL91,100LL=restricted|UL91=restricted,50.142222,1.831111,"10 - AVT : 100 LL et / and UL91 - Lubrifiant / Lubricant : NIL - HX. Paiement par CB, chèque, espèces / Payment with credit card, check, cash.",
LFOJ,ORLEANS BRICY,,,47.987778,1.760556,,
LFOK,CHALONS VATRY,JET_A1,JET_A1=restricted,48.773333,4.206111,"← 10 - AVT : Carburant / Fuel : JET A1. 0700-1600 En dehors de ces HOR, AVT sur PPR 1 HR auprès des opérations aéroportuaires par TEL : 03 26 64 82 30. Outside these SKED, fuel on PPR 1 HR from airport operations by phone : 03 26 64 82 30.",
LFOL,L' AIGLE ST MICHEL,,,48.758889,0.657778,10 - AVT : NIL,
LFOM,LESSAY,100LL,100LL=self_service,49.203333,-1.504722,"10 - AVT : Lubrifiant / Lubricant : NIL. Carburant / Fuel : 100 LL, automate / Automatic fuel dispenser : H24.",
LFON,DREUX VERNOUILLET,,,48.705833,1.361389,10 - AVT : NIL.,
LFOO,LES SABLES D'OLONNE TALMONT,100LL|JET_A1,100LL=self_service|JET_A1=restricted,46.475556,-1.725000,"← 10 - AVT : Carburant / Fuel : - AVGAS/100 LL : H24. Automate, carte de crédit TOTAL / TOTAL credit card dispenser. - Jet A1 : PPR PN 24HR auprès de / from Vendée aviation - TEL : 06 08 54 89 67",
LFOP,ROUEN VALLEE DE SEINE,100LL|JET_A1,100LL=restricted|JET_A1=restricted,49.390833,1.183889,"← 10 - AVT : Carburants / Fuel : 100 LL-JET A1. HOR : LUN-VEN : 0745-1630, SAM et DIM : 0845-1730. SKED : MON-FRI : 0745-1630, SAT and SUN : 0845-1730. Cartes VISA, WORLD FUEL SVC, paiement comptant . Credit cards : VISA, WORLD FUEL SVC, cash payment.",
LFOQ,BLOIS LE BREUIL,100LL|JET_A1,100LL=self_service|JET_A1=self_service,47.679722,1.205833,"10 - AVT : Carburant / Fuel : 100 LL - JET A1 H24 : station automatique carte BP. HOR RFFS : CB. WE et JF : possibilité d'avitaillement par ACB. En dehors de ces HOR, PPR AFIS avant 1530 la veille ou le dernier jour ouvré. H24 : automatic dispenser with BP card. RFFS SKED : credit card. WE and public HOL : refuelling possible with ACB. Outside these SKED, PPR AFIS before 1530 on the previous day or on the last working day.",
LFOR,CHARTRES METROPOLE,100LL,100LL=unknown,48.458889,1.523889,10 - AVT : Carburant / Fuel : 100LL - Lubrifiants / Lubricants : NIL. Carte Total ou voir ACB / Total card or see with ACB .,
LFOS,SAINT VALERY VITTEFLEUR,100LL,100LL=restricted,49.835278,0.655556,"← 10 - AVT : Carburants / Fuel : 100 LL, HJ O/R ACB Cartes de crédit acceptées / Credit cards accepted.",
LFOT,TOURS VAL DE LOIRE,,,47.431944,0.723056,← 10 - AVT : H24 7/7 via My Handling PPR PN 24HR.,
LFOU,CHOLET LE PONTREAU,100LL|JET_A1,100LL=restricted|JET_A1=restricted,47.081944,-0.877222,"10 - AVT : Carburants / Fuel : 100 LL, JET A1. Lubrifiants / Lubricants : NIL. Chèques, cartes bancaires ou paiement comptant. HOR AFIS. En dehors de ces HOR, PPR dernier jour ouvrable précédent avant 1700. Cheques, bank cards or cash. AFIS SKED. Outside these SKED, PPR on the last working day before 1700.",
LFOV,LAVAL ENTRAMMES,100LL|JET_A1,100LL=self_service|JET_A1=self_service,48.032222,-0.742778,"← 10 - AVT : Carburants / Fuel 100LL, JET A1- Lubrifiants / Lubricants : NIL (CIV-MIL), H24 : Automate Carte de crédit TOTAL / Automatic fuel dispenser TOTAL credit card. HOR SSLIA jusqu'à 30 MIN avant fermeture : CB, VISA, Eurocard, Mastercard, Fuel Release. Autres cartes : contacter ATS. RFFS SKED until 30 MIN before closing : CB, VISA, Eurocard, Mastercard, Fuel Release. Other cards : check with ATS.",
LFOW,SAINT QUENTIN ROUPY,100LL,100LL=restricted,49.816111,3.205833,← 10 - AVT : Carburant / Fuel : 100LL. Lubrifiant / Lubricant : W 100 (CIV - MIL). O/R ACB de l'Aisne PN 48 HR. 0700-1000 Paiement comptant / Cash payment.,
LFOX,ETAMPES MONDESIR,100LL,100LL=self_service,48.381111,2.073889,"10 - AVT : Carburants / Fuel : 100 LL. Sur PPR PN 4 HR auprès ACB ou libre-service H24 par carte TOTAL. Cartes bancaires non acceptées. Autres paiements sur demande. On PPR PN 4 HR from ACB or self service H24 with TOTAL credit card. Banker's cards not accepted . Other payments on request. LUN-VEN / MON-FRI : 0800-1130, 1300-1600. Etampes Aéro Maintenance Europe TEL : 01 60 80 97 62. SAM, DIM et JF / SAT, SUN and HOL : ETE / SUM : 0700-1030, 1200-1600. HIV / WIN : 0800-1130, 1300-1600. ACB Richet TEL : 01 60 80 31 78.",
LFOY,LE HAVRE SAINT ROMAIN,,,49.543889,0.359722,← 10 - AVT : Réservé aux ACFT basés / Reserved for based ACFT .,
LFOZ,ORLEANS ST DENIS DE L'HOTEL,100LL|JET_A1,100LL=self_service|JET_A1=self_service,47.897500,2.164167,"10 - AVT : Carburant / Fuel : 100LL, JET A1. H24 uniquement Carte BP / H24 only BP card. Autre moyen paiement (CB, Espèces) HOR ATS ou PPR 24 HR. Other means of payment (Credit card, cash) ATS SKED or PPR 24 HR.",
LFPA,PERSAN BEAUMONT,100LL,100LL=restricted,49.165000,2.311667,← 10 - AVT : Carburants / Fuel : 100 LL - Lubrifiants / Lubricant : NIL. Paiement par carte bancaire de préférence / Card payment preferred. ← Heures de jour avec PPR ACB Paris Nord - TEL : 01 30 34 49 10. Daylight hours only with PPR Paris Nord ACB - Phone : 01 30 34 49 10.,
LFPB,PARIS LE BOURGET,JET_A1,JET_A1=restricted,48.969444,2.441389,"10 - AVT : Carburants / Fuel : TRO, JET A1. Lubrifiants / Lubricants : W80 - W100 - W120. Turbine oil : 390-500-750, fluide / fluid 3.4.5.6, prist (CIV-MIL). 0400-2100.",
LFPD,BERNAY SAINT MARTIN,100LL,100LL=self_service,49.102500,0.565556,"← 10 - AVT : 100LL, Automate TOTAL / Lubrifiants / Lubricants : 80-100 (CIV-MIL). H 24. CB acceptées / Credit cards accepted.",
LFPE,MEAUX ESBLY,100LL|UL91,100LL=self_service|UL91=self_service,48.926944,2.833889,"10 - AVT : Carburant / Fuel: 100 LL, UL 91. Lubrifiants / Lubricants: NIL. Paiements : carte TOTAL H24, espèces, chèques . Payment: TOTAL card H24, cash, cheque . Tous les jours sauf LUN et VEN : HOR ACB 1300-1700 ou O/R en dehors de ces horaires PPR 24 HR. All days except MON and FRI: ACB SKED 1300-1700 or O/R outside these SKED PPR 24 HR. Contacter / Contact ACB ACE - TEL : 01 60 04 26 27.",
LFPF,BEYNES THIVERVAL,UL91,UL91=unknown,48.842778,1.907500,10 - AVT : Carburant / Fuel : UL91 Lubrifiant / Lubricant : NIL.,
LFPG,PARIS CHARLES DE GAULLE,,,49.009722,2.547778,10 - AVT : Carburants / Fuel : TR.0 ; TR.4. Lubrifiant / Lubricant : tous indices / any grade (CIV) H24.,
LFPH,CHELLES LE PIN,100LL,100LL=unknown,48.896667,2.606111,10 - AVT : Carburant / Fuel : 100LL - Lubrifiants / Lubricants : 65-80-100-120 (CIV-MIL).,
LFPK,COULOMMIERS VOISINS,100LL,100LL=self_service,48.837500,3.014444,← 10 - AVT : (CIV) Carburant / Fuel : 100 LL. Exploitant / Operator : B2AVIATION TEL : 07 49 05 38 16. Carte TOTAL / TOTAL card : H24. Carte de crédit et paiement espèces / Credit card and cash payment : contact B2AVIATION.,
LFPL,LOGNES EMERAINVILLE,100LL|JET_A1|UL_AERO,100LL=self_service|JET_A1=self_service|UL_AERO=self_service,48.821944,2.622778,"10 - AVT : Carburants / Fuel : 100 LL - JET A1 - UL AERO SUPER +. Lubrifiants / Lubricants : NIL. Paiement / Payment : Carte TOTAL / TOTAL card H24. Espèces, CB, Visa ou Mastercard / Cash, CB, Visa or Mastercard. ETE / SUM : 0730-1030, 1200-1600. HIV / WIN : 0830-1130, 1300-1600. TEL : 01 60 05 37 24.",
LFPM,MELUN VILLAROCHE,JET_A1,JET_A1=restricted,48.605278,2.670833,10 - AVT : Station TOTAL : JET A1 et AVGAS disponibles 24/7. / JET A1 and AVGAS available 24/7. Paiement : carte AIR TOTAL France uniquement. / Payment : AIR TOTAL France Card only . Station Elyxan : camion ravitailleur JET A1 / JET A1 refueling truck - HOR / SKED : 0800-1900. - O/R 24/7. - Paiement carte crédit seulement. / Payment only by credit card. - TEL : 06 58 83 66 25 - E-mail : ops@elyxan-aviation.fr,
LFPN,PARIS SACLAY VERSAILLES,100LL|JET_A1,100LL=restricted|JET_A1=restricted,48.749722,2.111111,"← 10 - AVT : Carburants / Fuel : 100 LL - JET A1. 0600-2000. Extension possible jusqu'à 2100 sur PN de 4 HR / Possible extension until 2100 PN 4 HR. Cartes de crédit / credit cards : TOTAL, American Express, VISA, UVAIR. Paiement en espèces / Cash payment. TEL : +33 (0)1 39 56 31 26. Réservation de carburant / Fuel online booking : https://totalenergi.es/resatoussus",
LFPO,PARIS ORLY,100LL|JET_A1,100LL=unknown|JET_A1=unknown,48.723333,2.379444,"10 - AVT : Carburants / Fuel : Jet A1 (CIV-MIL), 100 LL non disponible / 100 LL not available. Lubrifiants : tous lubrifiants pour ACFT courant (CIV-MIL) / lubricants for every ACFT (CIV-MIL). Non assuré de 2230 à 0500, sauf accord spécial négocié avec essenciers locaux. Not provided from 2230 to 0500, except special agreement with fuel providers.",
LFPP,LE PLESSIS BELLEVILLE,100LL,100LL=self_service,49.109167,2.736944,"10 - AVT : Carburant / Fuel AVGAS, 100 LL : disponibles H24 par carte aviation TotalEnergies uniquement / available H24 with TotalEnergies aviation card only.",
LFPQ,FONTENAY TRESIGNY,100LL,100LL=self_service,48.706111,2.902778,10 - AVT : 100 LL. HX (ACB). Carte / Card TOTAL H24.,
LFPR,ORANGE PLAN DE DIEU,100LL,100LL=restricted,44.179444,4.918889,10 - AVT : 100LL O/R - PPR ACB,
LFPT,PONTOISE CORMEILLES EN VEXIN,100LL|JET_A1,100LL=restricted|JET_A1=restricted,49.096667,2.040833,10 - AVT : Carburant / Fuel : Aviation d'affaires / Business aviation : Lubrifiants / Lubricants - JET A1 : E-mail : ameridair@ameridair.com TEL : +33 (0)9 62 61 19 36 - Credit card - TOTAL Card HOR / SKED : 0800-1100 / 1200-1600. En dehors de ces HOR / out of these SKED : contactez / contact AMERIDAIR handling. Aviation générale / General aviation : Zone Sud / South area : 100LL : HX - Exploitant/ Operator : Total Energies Aviation C/O. Aeroclub Hispano Suiza - TEL : 01 34 41 77 00. Paiement / Payment : Carte TOTAL / TOTAL card H24 ou espèces / or cash : 0800-1100 / 1300-1700,
LFPU,MORET EPISY,,,48.340833,2.797778,10 - AVT : NIL,
LFPX,CHAVENAY VILLEPREUX,100LL,100LL=self_service,48.842222,1.980278,"10 - AVT : Carburant / Fuel : 100LL, Lubrifiant / Lubricant : NIL. H24 carte Total / Total card.",
LFPZ,SAINT CYR L'ECOLE,100LL,100LL=self_service,48.810278,2.073333,← 10 - AVT Carburant / Fuel : 100 LL. Exploitant / Operator : Total Energie Aviation C/O Paris Air Services TEL 01 84 73 11 81. Carte TOTAL / TOTAL Card : H24. Carte de crédit / Credit Cards : 0900-1800 avec PN de 24HR / with 24 HR PN .,
LFQA,REIMS PRUNAY,100LL|JET_A1,100LL=self_service|JET_A1=restricted,49.208611,4.156667,"← 10 - AVT : Carburants / Fuel : JET A1 - 100LL. Lubrifiants / Lubricant : NIL. JET A1 : HOR ATS. AVGAS : H24 carte bancaire ou HOR ATS autres paiements. TEL : Exploitant. En dehors de ces HOR, PPR avant 1500 par TEL / E-mail Exploitant. Paiement : VISA, MASTERCARD, AMERICAN EXPRESS, WFS, COLT, AVCARD, MULTISERVICE, UVAIR, AEG FUEL, BONS ENAC ou CASH. JET A1 : ATS SKED. AVGAS : H24 bank card or ATS SKED others payments. TEL : Operator. Outside these SKED, PPR before 1500 via TEL / E-mail Operator. Payment : VISA, MASTERCARD, AMERICAN EXPRESS, WFS, COLT, AVCARD, MULTISERVICE, UVAIR, AEG FUEL, BONS ENAC or CASH.",
LFQB,TROYES BARBEREY,100LL|JET_A1,100LL=self_service|JET_A1=self_service,48.321667,4.016667,"10 - AVT Carburants / Fuel : - JET A1 : H24 carte à puce ou HOR ATS / 24H self-service with smart card or ATS SKED. - AVGAS 100LL : H24 carte à puce automate ou HOR ATS / 24H self service with smart card or ATS SKED. - Paiement : comptant (CIV), cartes VISA, Eurocard, Master Card, bon ENAC, WFS, JETEX. - Payment : cash (CIV) or credit cards (VISA, Eurocard, Master Card), ENAC voucher, WFS, JETEX.",
LFQC,LUNEVILLE CROISMARE,100LL,100LL=unknown,48.593611,6.542222,10 - AVT : Carburant / Fuel : 100 LL - Lubrifiants / Lubricants : 15W50.,
LFQD,ARRAS ROCLINCOURT,100LL|SUPER_PLUS,100LL=restricted|SUPER_PLUS=restricted,50.323889,2.802778,10 - AVT : Carburant / Fuel : SP 98 et / and 100LL. Lubrifiant / Lubricant : Yacco 2 et 4 temps / Yacco 2 & 4 stroke oil. 1400-1900 sauf DIM et JF / 1400-1900 except SUN and public HOL. TEL : 06 83 01 41 09 ou / or 06 87 80 34 65.,
LFQE,ETAIN ROUVRES,,,49.229167,5.676111,10 - AVT : H24. PN 24 HR Carburant / Fuel : F34 Lubrifiants / Oil : O135 - O150 - O155 Autres / Others : H515 - C629,
LFQF,AUTUN BELLEVUE,100LL,100LL=restricted,46.971111,4.261111,10 - AVT : Carburant / Fuel : 100 LL Lubrifiants / Lubricants : 80-100-W80 (CIV-MIL) HX. Paiement comptant / Cash payment.,
LFQG,NEVERS FOURCHAMBAULT,JET_A1,JET_A1=self_service,47.003611,3.110833,10 - AVT : Automate H24 avec carte BP. Jet A1 & AVGAS Paiement CB : HOR RFFS Automatic station H24 with BP card. JET A1 & AVGAS Credit card payment : RFFS SKED,
LFQH,CHATILLON SUR SEINE,100LL,100LL=restricted,47.845278,4.579444,"10 - AVT : Carburants / Fuel : 100 LL, Lubrifiants / Lubricants : 80 - (CIV) HJ O/R 2 HR TEL : ACB du Châtillonnais.",
LFQJ,MAUBEUGE ELESMES,100LL|UL_AERO,100LL=self_service|UL_AERO=self_service,50.308333,4.030000,← 10 - AVT : Carburants / Fuel : 100LL - UL AEROSUPER + . Pompe automatique. Paiement comptant - CB / Cash payment - credit card. ← Avitaillement 100LL et UL AEROSUPER + limité aux aéronefs d'envergure inférieure ou égale à 12 m. / 100LL and UL AEROSUPER + refuelling limited to ACFT with wingspan smaller than or equal to 12 m. Autres envergures après accord de l'exploitant. / Other wingspans after prior agreement of AD operator. Tel : 06 95 62 61 66. Lubrifiant / Lubricant : NIL.,
LFQK,CHALONS ECURY SUR COOLE,100LL,100LL=unknown,48.905556,4.352778,← 10 - AVT : Carburant / Fuel : 100LL après confirmation disponibilité par ACB / after availability confirmed by ACB. Paiement comptant ou carte de crédit TOTAL / Cash payment or TOTAL credit card.,
LFQL,LENS BENIFONTAINE,100LL,100LL=self_service,50.466389,2.819722,10 - AVT : Carburant / Fuel 100 LL - Lubrifiant / Lubricant : NIL. Automate Carte total uniquement / Only dispenser with TOTAL Credit Card,
LFQM,BESANÇON LA VEZE,100LL|JET_A1,100LL=self_service|JET_A1=self_service,47.205278,6.080556,"10 - AVT : Carburants / Fuel : 100 LL, JET A1 (CIV-MIL). Lubrifiants / Lubricants : NIL. AVT possible H24 avec CB (sauf American Express). Paiement comptant, chèques, cartes bancaires, bons SEFA, cartes AEG acceptées LUN-VEN, sauf JF : 0800-1130, 1300-1700. En dehors de ces HOR et SAM-DIM et JF sur PPR AFIS. Refuelling possible H24 with credit card (except American Express). Cash payment, cheques, credit cards, SEFA vouchers, AEG cards accepted on MON-FRI except public HOL : 0800-1130, 1300-1700. Outside of these SKED and SAT-SUN and public HOL on PPR from AFIS. © Service de l'Information Aéronautique, France AMDT 10/25 AD 2 LFQM TXT 03 AIP FRANCE 28 NOV 2024 BESANCON LA VEZE",
LFQN,SAINT OMER WIZERNES,100LL,100LL=restricted,50.728889,2.234444,10 - AVT : Carburant/ Fuel : 100 LL - Lubrifiant/ Lubricant : 80. HJ sur / on PPR.,
LFQO,LILLE MARCQ EN BAROEUL,100LL,100LL=self_service,50.687222,3.075556,"10 - AVT : Carburant / Fuel : 100LL (CIV), H24 automate carte TOTAL uniquement / dispenser TOTAL credit card only.",
LFQP,PHALSBOURG BOURSCHEID,,,48.768056,7.205000,10 - AVT : Carburants / Fuel : F 34 Lubrifiants / Oil : O 150 - O 155 Essence ACFT (délai 15 jours à prévoir) / ACFT fuel (anticipate 15 days delays) LUN-JEU / MON-THU : 0700-1615 VEN / FRI : 0700-1100,
LFQQ,LILLE LESQUIN,100LL|JET_A1,100LL=self_service|JET_A1=self_service,50.563333,3.086944,"10 - AVT : Carburants / Fuel : 100 LL - JET A1 (CIV-MIL). HOR : 0500-2100. PPR en dehors de ces HOR / PPR outside these SKED. Cartes de crédit TOTAL, VISA, SHELL, UVAIR, WORLD FUEL ou paiement comptant. Credit cards TOTAL, VISA, SHELL, UVAIR, WORLD FUEL or cash payment. Station AVGAS sur PRKG E : H24 par carte TOTAL, ou autres paiements (comptant ou VISA) uniquement pendant heures d'ouverture. Attente possible. AVGAS filling station on PRKG E : TOTAL card payment H24, or any other means of payment (cash or VISA) only during operating hours. Possible delay. AVITAIR : TEL 03 20 49 67 61, FAX : 03 20 49 67 62.",
LFQT,MERVILLE CALONNE,100LL|JET_A1,100LL=unknown|JET_A1=unknown,50.616667,2.640000,10 - AVT : Carburants / Fuel 100LL - JET A1 : paiement carte TOTAL / TOTAL card payment. Lubrifiant / Lubricant : 80 - paiement comptant / cash payment. TEL : 03 28 42 04 21.,
LFQU,SARRE UNION,,,48.950833,7.076389,10 - AVT : NIL.,
LFQV,CHARLEVILLE MEZIERES,100LL|JET_A1,100LL=self_service|JET_A1=self_service,49.785000,4.642778,10 - AVT : Automate H24 7/7 100LL et Jet A1. Carte bancaire uniquement / Credit card only. Jet A1 gros débit : uniquement en semaine sur PPR 72 HR. High-flow Jet A1: weekdays only with PPR 72 HR.,
LFQW,VESOUL FROTEY,100LL|JET_A1,100LL=restricted|JET_A1=restricted,47.638611,6.204167,"10 - AVT : Carburants / Fuel : 100LL, JET A1 - Lubrifiants / Lubricants : NIL, O/R TEL : ACB.",
LFQX,JUVANCOURT,,,48.113889,4.819444,10 - AVT : NIL.,
LFQY,SAVERNE STEINBOURG,,,48.753333,7.425833,10 - AVT : Carburant / Fuel : 98 SP / 98 unleaded - HX – Paiement comptant / Cash payment.,
LFQZ,DIEUZE GUEBLANGE,,,48.774444,6.714167,10 - AVT : NIL.,
LFRB,BREST BRETAGNE,100LL|JET_A1,100LL=self_service|JET_A1=self_service,48.447222,-4.421667,"← 10 - AVT : LUN-VEN : 0400-2100, SAM-DIM : 0400-1930. En dehors de ces HOR, avitaillement assuré pour les vols commerciaux programmés ou sur PPR pour les urgences (gendarmerie….), EVASAN et vols commerciaux déroutés au 06 47 39 26 74 (délai maximal pour intervention d'une heure à prévoir). Moyens de paiement : cartes bancaires, cartes SHELL, espèces (750 euros max) et cartes BROKER (WORLDFUEL, AEG...). Parking Aviation Générale : Distributeurs JETA1 et AVGAS/100LL disponibles H24 uniquement par carte bancaire ou carte SHELL locale (délivrée aux usagers basés AG Brest). MON-FRI: 0400-2100, SAT-SUN: 0400-1930. Outside these SKED, fueling provided for scheduled commercial flights or on PPR for emergencies (police...), MEDEVAC and diverting commercial flights TEL : 06 47 39 26 74 (maximal delay of 1 hour expected). Payment : credit cards, SHELL cards, cash (750 euros max) and BROKER cards (WOLRDFUEL, AEG...). General Aviation Apron: AVGAS/100LL and JET A1 automatic dispensers available H2",
LFRC,CHERBOURG MANCHE,100LL|JET_A1,100LL=self_service|JET_A1=restricted,49.650833,-1.475278,10 - AVT : Carburant / Fuel : AVGAS 100LL H24 Automate EDEIS FUEL (carte bancaire sauf Amex). 24HR EDEIS FUEL automatic dispenser (credit card except Amex). Carburant / Fuel : JET A1 HOR AFIS / AFIS SKED. Hors HOR : O/R PN 1 HR pour vols commerciaux et EVASAN : TEL exploitant d'aérodrome. Outside these SKED : O/R PN 1 HR for commercial and MEDEVAC flights : TEL AD operator.,
LFRD,DINARD PLEURTUIT ST MALO,100LL|JET_A1,100LL=restricted|JET_A1=restricted,48.587778,-2.080000,"10 - AVT : Carburant AVGAS 100 LL : HOR RFFS. En dehors de ces HOR, PPR 12 HR. Paiement par carte Air BP sterling. Distributeur libre-service avec les cartes Air BP sterling. Paiement par carte bancaire : Visa, Mastercard, American Express. Service par agent avitailleur. Carburant JET A1 : LUN-VEN : 0500-2000. En dehors de ces HOR, SAM-DIM et JF : PPR 1 HR. Paiement par carte Air BP sterling et carte bancaire : Visa, Mastercard, American Express. TEL : +33 2 99 82 73 48. Fuel AVGAS 100 LL : RFFS SKED. Outside these SKED, PPR 12 HR. Payment by Air BP sterling card. Automatic dispenser by Air BP sterling card. Payment by bank card : Visa, Mastercard, American Express. Service by a fueling officer. Fuel JET A1 : MON-FRI : 0500-2000. Outside these SKED, SAT-SUN and public HOL : PPR 1 HR. Payment by Air BP sterling card and bank card : Visa, Mastercard, American Express. TEL : +33 2 99 82 73 48.",
LFRE,LA BAULE ESCOUBLAC,100LL|JET_A1,100LL=restricted|JET_A1=self_service,47.288333,-2.346944,"← 10 - AVT : Carburant / Fuel : 100 LL, JET A1. Lubrifiant / Lubricant : NIL. 100 LL : Paiement CB (visa, mastercard), chèques ou espèces uniquement / Credit card (visa, mastercard), check or cash payments only. (CIV) JUL, AUG : 0800 -1900. SEP-JUN : 0800-1100, 1300-1800. JET A1 : automate H24 : paiement uniquement CB / automatic dispenser H24 : CB only.",
LFRF,GRANVILLE MONT SAINT MICHEL,100LL,100LL=self_service,48.882778,-1.563889,10 - AVT : Carburant / Fuel : 100LL (CIV - MIL) HX - Paiement comptant / Cash payment. Possibilité 100 LL par automate avec carte TOTAL. 100 LL self service possible with TOTAL credit card.,
LFRG,DEAUVILLE NORMANDIE,100LL|JET_A1,100LL=restricted|JET_A1=restricted,49.363333,0.160000,← 10 - AVT : Carburant / Fuel : 100 LL - JET A1 : 0830-1730 du / from 01 NOV au / to 31 MAR. 0730-1830 du / from 01 APR au / to 31 OCT.,
LFRH,LORIENT LANN BIHOUE,JET_A1,JET_A1=restricted,47.760556,-3.440000,10 - AVT : MIL : Carburants : F34 Tous produits prévus au Guide Technique des Produits du SEA / All products consigned in the GTP manual of the SEA HOR ATS CIV : Uniquement JET A1 / Only JET A1 Horaires ouverture aérogare civile et hors traitement vols réguliers / During airport opening hours and not during regular flights handling Voir / See : www.lorient.aeroport.fr,
LFRI,LA ROCHE SUR YON LES AJONCS,100LL|JET_A1,100LL=self_service|JET_A1=restricted,46.702500,-1.381667,"10 - AVT : Carburant / Fuel : 100 LL, JET A1 (CIV-MIL) – Lubrifiants / Lubricants : NIL. 100 LL : automate H24 par carte bancaire ou HOR AFIS jusqu'à 30 min avant fermeture. 100 LL : automatic dispenser H24 with credit card or AFIS SKED up to 30 min before closing. JET A1 : HOR AFIS jusqu'à 30 min avant fermeture. En dehors de ces HOR, PPR AFIS la veille avant 1100 ou dernier jour ouvrable avant le vol / AFIS SKED up to 30 min before closing. Outside these SKED, PPR AFIS on the previous day before 1100 or last working day preceding flight. Paiement : carte bancaire, bons ENAC, AEG FUEL, AMERICAN EXPRESS, AVCARD, COLT, JETEX, US BANK, VALCORA. Payment: credit card, ENAC vouchers, AEG FUEL, AMERICAN EXPRESS, AVCARD, COLT, JETEX, US BANK, VALCORA. © Service de l'Information Aéronautique, France AMDT 02/24 AD 2 LFRI TXT 03 AIP FRANCE 25 JAN 2024 LA ROCHE SUR YON LES AJONCS",
LFRJ,TRANSIT VFR,,,,,,
LFRK,CAEN CARPIQUET,100LL|JET_A1,100LL=unknown|JET_A1=unknown,49.173333,-0.450000,"10 - AVT : Carburants / Fuel : AVGAS 100LL, JET A1. Lubrifiants / Oil : NIL. Paiements / Payment : Carte bancaire / Bank card (VISA, AMEX, MASTERCARD), carte Air BP, US Air Card, fuel release.",
LFRL,TRANSIT VFR,,,,,,
LFRM,LE MANS ARNAGE,100LL|JET_A1,100LL=self_service|JET_A1=self_service,47.948611,0.201667,"← 10 - AVT : Carburants / Fuel : 100LL - JET A1. LUN-DIM : - 01/10 au 31/03 : 0800-1130 et 1230-1600 - 01/04 au 30/09 : 0800-1130 et 1230-1700 Automate H24 avec carte bancaire ou badge EDEIS uniquement. Paiement comptant pendant les horaires AVT, cartes acceptées : AEG, AVCARD, COLT INTL, WFS. Extension sur demande avec PPR 48 HR sur https://cy.myhandlingsoftware.com MON-SUN : - 01/10 to 31/03 : 0800-1130 and 1230-1600 - 01/04 to 30/09 : 0800-1130 and 1230-1700 Dispenser H24 with credit card or EDEIS badge only. Cash payment during AVT SKED, credit card accepted : AEG, AVCARD, COLT INTL, WFS. Extension with PPR 48 HR on https://cy.myhandlingsoftware.com",
LFRN,RENNES SAINT JACQUES,100LL|JET_A1,100LL=self_service|JET_A1=restricted,48.071944,-1.732222,"← 10 - AVT : Carburants / Fuel : 100LL, JET A1. Lubrifiants / Lubricants : NIL. Paiements cartes SHELL, carte de crédit sauf American Express. Payment : SHELL cards, credit card except American Express. JET A1 : HOR voir / see NOTAM. En dehors de ces HOR / Outside these SKED, PPR 48 HR. TEL : +33 2 99 29 60 07 ou / or +33 6 13 39 26 71 (astreinte / on-call duty) AVGAS / 100LL : Automate / Automatic dispenser - LUN-DIM / MON-SUN : 0700-1900.",
LFRO,LANNION,100LL|JET_A1,100LL=self_service|JET_A1=self_service,48.754444,-3.471944,"10 - AVT : Carburants / Fuel : AVGAS 100 LL et JET A1 (station automate) : LUN-DIM / MON-SUN : H24 avec carte TOTAL / with TOTAL card. Sans carte TOTAL, AVT possible durant les HOR de JET A1 (camion avitailleur). Without TOTAL card, refuelling possible during JET A1 (bowser) SKED : HIV / WIN : LUN-VEN / MON-FRI : 0730-1100, 1200-1600 ETE / SUM : LUN-DIM / MON-SUN : 0630-1630 Paiements : comptant, Eurochèque, cartes bancaires, carte Air TOTAL automate. Payment : Cash, Eurocheck, bank cards, Air TOTAL card automatic dispenser. Service Rocket route. Lubrifiant / Lubricant : NIL. En dehors de ces HOR contacter l'exploitant / Outside these SKED, contact AD operator : PPR 24 HR. E-mail : carburant@lannion.aeroport.fr, TEL : 02 96 05 82 18",
LFRP,PLOERMEL LOYAT,,,48.001944,-2.378611,10 - AVT : NIL.,
LFRQ,QUIMPER PLUGUFFAN,100LL|JET_A1,100LL=restricted|JET_A1=restricted,47.975000,-4.167778,"← 10 - AVT : Carburants / Fuel : 100 LL - JET A1, Lubrifiant / Lubricant : NIL. Paiement : carte bancaire en HOR AVT ou carte AIR BP / Payment : credit card during AVT SKED or AIR BP card. HOR AVT JET A1 assuré par AIR BP : LUN, MAR, JEU,VEN : 0700-1500. En dehors de ces horaires, HOR RFFS ou NOTAM. Distributeur AVGAS disponible. SKED AVT JET A1 provided by AIR BP : MON, TUE, THU, FRI : 0700-1500. Outside these SKED, RFFS SKED or NOTAM. AVGAS dispenser available. © Service de l'Information Aéronautique, France AMDT 09/25 AD 2 LFRQ TXT 04 AIP FRANCE 07 AUG 2025 QUIMPER PLUGUFFAN",
LFRS,NANTES ATLANTIQUE,JET_A1|UL91,JET_A1=unknown|UL91=unknown,47.156944,-1.607778,"← 10 - AVT : Carburants / Fuel : UL91, JET A1 - Lubrifiants / Lubricants : NIL",
LFRT,SAINT BRIEUC ARMOR,100LL|JET_A1,100LL=self_service|JET_A1=self_service,48.537500,-2.856667,"← 10 - AVT : Carburants / Fuel : 100LL TRO / JET A1. HOR AVT : JET A1 : LUN-VEN : 0800-1600. En dehors de ces HOR, AVT JET A1 assuré pour les vols commerciaux programmés, MEDEVAC et service public. Station automate AVGAS 100LL : LUN-DIM : H 24 AVT SKED : JET A1 : MON-FRI : 0800-1600 Outside these SKED, AVT JET A1 provided for scheduled commercial flights, MEDEVAC and public service. Automatic dispenser AVGAS 100LL : MON-SUN : H 24 Lubrifiants / Lubricants : NIL.",
LFRU,MORLAIX PLOUJEAN,,,48.600833,-3.816667,10 - AVT : H24 automate avec carte TOTAL uniquement. / H24 automatic dispenser TOTAL credit card only. AVT hors automate : HOR ATS (Agent avitailleur. Paiement par CB ou en espèces avec appoint). / AVT without automatic dispenser: ATS SKED (Refuelling agent. Payment by CB or in cash with top- up). Lubrifiants / Lubricants : NIL.,
LFRV,VANNES GOLFE DU MORBIHAN,100LL|JET_A1,100LL=self_service|JET_A1=self_service,47.719167,-2.723333,"10 - AVT : Carburants / Fuel : 100LL, JET A1 - H24 Automate World Fuel Services(carte WFS) et CB AVT hors automate possible. Paiement comptant en espèces avec appoint uniquement . H24 World Fuel Services automatic fuel dispenser ( WFS card ) and CB AVT without automatic fuel dispenser possible - Cash payment with exact sum only . Du / From 01/11 au / to 31/03 : 0800-1600 - Du / From 01/04 au / to 31/10 : 0800-1700. Extension pour les EVASAN et vols commerciaux PPR 48 HR - Extension for MEDEVAC and commercial flights PPR 48 HR. TEL : Exploitant d'aérodrome / AD operator.",
LFRW,AVRANCHES LE VAL SAINT PERE,100LL,100LL=restricted,48.660833,-1.405833,10 - AVT : Carburants / Fuel : 100 LL (CIV-MIL) HX,
LFRZ,SAINT NAZAIRE MONTOIR,100LL|JET_A1,100LL=self_service|JET_A1=self_service,47.310556,-2.156667,"← 10 - AVT : Carburants / Fuel : JET A1 : CIV-MIL. LUN-VEN / MON-FRI : 0700-2100, SAM / SAT : 0700-1630, DIM et JF du 01/04 au 31/10 / SUN and public HOL from 01/04 to 31/10 : 0800-1630 En dehors de ces HOR, avitaillement possible seulement pour les vols avec PPR avant 1100 le dernier jour ouvrable. / Outside these SKED, possible AVT only for flights with PPR before 1100 the last working day. Moyens de paiement : cartes bancaires (sauf AMEX), espèces (max 757 euros), carte TOTAL, autres cartes BROKER via FUEL RELEASE AIR TOTAL. / Payment : credit cards (except AMEX), cash (757 euros max), TOTAL card, others BROKER cards via FUEL RELEASE AIR TOTAL. TEL : 02 40 90 02 13 / 06 16 92 09 66 pendant les horaires d'ouverture du RFFS / during RFFS opening SKED. E-mail : nteleaderssliasnr@nantes.aeroport.fr AVGAS / 100LL : CIV-MIL. Automate / Automatic fuel dispenser : 24/24. Moyen de paiement / Payment : cartes TOTAL uniquement / TOTAL cards only . Lubrifiants / Lubricants : NIL.",
LFSA,BESANCON THISE,SUPER_PLUS,SUPER_PLUS=restricted,47.273611,6.083056,← 10 - AVT : Carburant SP 98 réservé aux aéronefs basés. Lubrifiant : NIL.,
LFSB,BALE MULHOUSE,JET_A1,JET_A1=restricted,47.590000,7.529167,"← 10 - AVT : Carburants / Fuel : JET A1 AVGAS - (CIV-MIL). SASCA et / and KLINZING Aviation : 0400-2200. Pas d'avitaillement possible en dehors de ces HOR, sauf préavis avant 2000 auprès des avitailleurs. No refuelling available outside these SKED except PN before 2000 to the refuellers. Contacts : Mois impairs / Odd months SASCA TEL : 00 33 (0)3 89 90 29 10 - FAX : 00 33 (0)3 89 90 49 75. Mois pairs / Even months KLINZING Aviation TEL : 00 33 (0)3 89 90 48 10 - FAX : 00 33 (0)3 89 90 48 12.",
LFSD,DIJON LONGVIC,100LL|JET_A1,100LL=unknown|JET_A1=unknown,47.265833,5.095000,"← 10 - AVT : Carburants / Fuel : 100 LL - JET A 1. (CIV-MIL). Paiement comptant ou cartes / Cash payment or cards : VISA, MASTERCARD, AMEX, WFS, COLT, MULTI SERVICE, AVCARD, AEG Fuel, FUELEX ENERGY LIMITED, AVFUEL, TITAN AVIATION FUELS, G-OPS.",
LFSE,EPINAL DOGNEVILLE,,,48.211389,6.448333,10 - AVT : Carburant / Fuel : NIL. Lubrifiants / Lubricants : NIL.,
LFSG,EPINAL MIRECOURT,100LL|JET_A1,100LL=self_service|JET_A1=restricted,48.325000,6.066667,"← 10 - AVT : JET A1 HOR ATS / ATS SKED. Moyens de paiement Totalénergies et CB / Payment means Totalénergies and credit card. 100LL Avitaillement automatique 24HR, paiement CB ou Carte Total. 100LL Automatic fuel dispenser 24HR, payment by credit card or Total Card. © Service de l'Information Aéronautique, France AMDT 06/26 AD 2 LFSG TXT 03 AIP FRANCE 14 MAY 2026 EPINAL MIRECOURT",
LFSH,HAGUENAU,100LL|UL91,100LL=restricted|UL91=restricted,48.796944,7.819167,"10 - AVT : Carburant / Fuel : 100 LL, UL91 O/R TEL : ACB. Lubrifiants / Lubricants : qualité aviation (CIV) HOR ACB paiement comptant / aviation quality (CIV) ACB SKED cash payment.",
LFSJ,SEDAN DOUZY,,,49.658889,5.036667,10 - AVT : Carburant / Fuel : NIL.,
LFSK,VITRY LE FRANCOIS VAUCLERC,,,48.702222,4.683333,10 - AVT : NIL.,
LFSL,BRIVE SOUILLAC,100LL|JET_A1,100LL=unknown|JET_A1=unknown,45.039722,1.485556,"← 10 - AVT : Carburant / Fuel : AVGAS 100LL-JET A1 Voir / See NOTAM. Carte BP, CB, espèces maxi 1000 euros / BP card, credit card, cash maxi 1000 euros. Borne de recharge électrique / Aircraft charging station : - 22 KW - câble unique / one cable only - préavis par E-mail OPS / prior notice by E-mail OPS",
LFSM,MONTBELIARD COURCELLES,100LL|JET_A1,100LL=self_service|JET_A1=self_service,47.486667,6.791389,10 - AVT : Carburant / Fuel : 100LL - JET A1 (CIV-MIL sous convention / under agreement). Lubrifiants / Lubricant : NIL. H24 CB / credit card. Carte AVIA : j.rota@thevenin-ducrot.fr,
LFSN,NANCY ESSEY,100LL|JET_A1,100LL=self_service|JET_A1=self_service,48.692222,6.226111,"10 - AVT : Carburant / Fuel : 100LL - JET A1. Assuré par l'exploitant AD / Provided by AD operator : LUN-VEN / MON-FRI : 0800-1745. Paiement possible par CB Total, CB hors American Express et en espèce (750 € max, pas de rendu de monnaie). Payment possible with Total credit card, credit card except American Express and cash (750 € max, no change). SAM, DIM et JF / SAT, SUN and public HOL : 0800-1045, 1300-1745. Avitaillement automatique disponible avec CB TOTAL (uniquement 100LL). Automatic fuel dispenser available with TOTAL card (only for 100LL). Absence ATS : O/R exploitant AD ou services ATS. PN 45 min pour les vols sanitaires et PPR PN 72 HR pour les autres vols. O/R AD operator or ATS PN 45 min for medical evacuation flights and PPR PN 72 HR for other flights. Avitaillement auto H24 poste R2 disponible pour HEL avec CB Total (Jet A1). Automatic refuelling H24 stand R2 available for HEL with TOTAL card (Jet A1).",
LFSP,PONTARLIER,100LL,100LL=restricted,46.908333,6.329167,10 - AVT : Carburant / Fuel : 100 LL HX - Lubrifiant / Lubricant : 80 (CIV) PN 2 HR TEL : 03 81 39 09 70. Paiement comptant ou chèque / Cash payment or cheque. Carte TOTAL : automate H24 / TOTAL credit card : automatic dispenser H24.,
LFSS,SAINT SULPICE DES LANDES,,,47.791667,-1.643611,10 - AVT : NIL.,
LFST,STRASBOURG ENTZHEIM,100LL|JET_A1,100LL=restricted|JET_A1=restricted,48.541944,7.634444,"10 - AVT : Carburants / Fuel :100LL-JET A1. Lubrifiants / Lubricants : NIL. TEL : 03 88 64 67 78. SHELL AVIATION : DIM-VEN / SUN-FRI : 0430-2130 - SAM / SAT : 0430-2030. En dehors de ces HOR, sur déclenchement de l'astreinte (Forfait 300 € selon cas), AVT assuré aux seuls vols commerciaux programmés ou retardés, ainsi qu'aux vols d'Etat et aux EVASAN. (Astreinte TEL : 03 88 64 69 33). Outside these SKED, after setting off on duty personnel (300 € lump sum), refuelling provided only for scheduled and delayed commercial flights, Government owned ACFT and medical assistance. (Phone Stanby TEL : 03 88 64 69 33). Paiements acceptés / Accepted payments : Espèces / Cash : MAX 3000 €. Cartes de Crédit / Credit Cards : Carte Bleue, Visa, Mastercard. Cartes de Crédit Aviation / Aviation Credit Cards : Shell carnet, Avcard, Aerofuel overseas, Air routing, Colt, Netjets, Uvair, World fuel services AEG, Rockwell Collins .",
LFSU,LANGRES ROLAMPONT,,,47.964167,5.293611,10 - AVT : NIL.,
LFSV,PONT SAINT VINCENT,,,48.600000,6.056389,10 - AVT : NIL.,
LFSW,EPERNAY PLIVOT,100LL,100LL=self_service,49.004444,4.085278,"10 - AVT : Carburants / Fuel : 100 LL (CIV-MIL). HX. Paiement comptant, automate carte TOTAL H 24 / Cash payment, TOTAL card dispenser H 24. Lubrifiants / Lubricant : NIL.",
LFTA,LA TRANCHE-SUR-MER,,,46.365556,-1.427500,10 - AVT : NIL.,
LFTB,AMERRISSAGE A VUE,100LL|JET_A1,100LL=unknown|JET_A1=unknown,43.450000,5.216667,"10 - AVT : Carburants / Fuel : 100LL, Jet A1. Lubrifiants / Lubricants : Shell tous types (Aéromécanic), paiement : CB, contrats compagnies (toutes marques), espèces acceptées pour Gam/TOTAL / Shell any kind (Aéromecanic), payment : CB, company contracts (any brand), cash accepted for Gam/TOTAL.",
LFTF,CUERS PIERREFEU,100LL|JET_A1,100LL=restricted|JET_A1=restricted,43.247500,6.127222,"10 - AVT : Carburant / Fuel : F 34 (MIL) - JET A 1, 100 LL, AKI93 (CIV) Lubrifiants / Oil : NIL MIL : O/R 4 H CIV : 0700-1000, 1200-1700 (été / summer) ; 0700-1100, 1300-1700 (hiver / winter) H24 si paiement par CB / H24 if ayment by credit card HEL : accès uniquement tractés / towed access only",
LFTH,HYERES LE PALYVESTRE,,,43.097222,6.146111,"10 - AVT : Carburants / Fuel : F 34 (MIL) Lubrifiants / Oil : O135 - O138 - O147 - O150 - O159 Autres / Others : H 515 - C 630 MIL : HOR ATS CIV / CIV : 0500-2000, O/R la veille / The day before",
LFTM,SERRES LA BATIE MONTSALEON,,,44.457222,5.727222,10 - AVT : Carburant / Fuel : NIL.,
LFTN,LA GRAND'COMBE,,,44.243056,4.011111,10 - AVT : NIL.,
LFTP,PUIMOISSON,100LL,100LL=restricted,43.868889,6.162778,"10 - AVT : Carburant : AVGAS - 100 LL, réservé aux ACFT basés. Fuel : AVGAS - 100 LL, reserved for home-based ACFT.",
LFTQ,CHATEAUBRIANT POUANCE,,,47.739444,-1.190278,10 - AVT : NIL.,
LFTW,NIMES GARONS,JET_A1,JET_A1=restricted,43.757500,4.416389,"← 10 - AVT : Carburant / Fuel : JET A1 - AVGAS Lubrifiants / Oil : NIL. HOR / SKED : voir / see NOTAM. Hors HOR / Outside SKED : O/R avant / before 1700 - SAM, DIM et JF / SAT, SUN and public HOL : PPR avant / before 1700 le dernier jour ouvrable / on the last working day. Paiement en espèces, carte WFS, AEG ou carte de crédit. Cash payment, WFS, AEG or credit card.",
LFTZ,LA MOLE,100LL|JET_A1,100LL=restricted|JET_A1=restricted,43.205278,6.481944,10 - AVT : Uniquement pendant HOR AFIS / Only during AFIS SKED. Carburant / fuel : 100LL - JET A1. Lubrifiant / Lubricant : NIL. Paiement : chèque - eurochèque - devises - carte bancaire (carte bleue - Mastercard - Eurocard - Visa). Payment : cheque - eurocheque - currency - credit card (Blue card - Mastercard - Eurocard - Visa).,
LFXA,AMBERIEU,,,45.979722,5.337778,10 - AVT : NIL,
LFXB,SAINTES THENAC,100LL,100LL=self_service,45.701944,-0.636111,10 - AVT : Carburant / Fuel : CIV (ACB) : 100 LL Carte Total uniquement pour distributeur automatique / Total card only for automatic distributor HOR : Automate carte Total / Total card automatic distributor,
LFXU,LES MUREAUX,100LL|UL91,100LL=restricted|UL91=restricted,48.998611,1.941667,10 - AVT : Carburant / Fuel : 100 LL : se renseigner auprès de / see ACB Roger Janin ; UL 91 : se renseigner auprès de / see ACB Roger Janin. Paiement comptant ou carte de credit TOTAL / Cash payment or TOTAL credit card.,
LFYG,CAMBRAI NIERGNIES,100LL,100LL=unknown,50.141389,3.263611,10 - AVT : Carburants / Fuel : AVGAS 100LL.,
LFYR,ROMORANTIN PRUNIERS,100LL,100LL=self_service,47.320833,1.688889,10 - AVT : Carburants / Fuel : CIV (ACB) : 100 LL (24/7) Carte Total avec code pour distributeur automatique / Total card with code for automatic fuel pump Paiement : CB / Payment : credit card,
LFYS,SAINTE LEOCADIE,,,42.447222,2.010833,10 - AVT : Carburant / Fuel : F 34 (MIL) Lubrifiants / Oil : NIL LUN-JEU / MON-THU : 0700-1600 PPR 1HR VEN / FRI : 0700-1100 PPR 1HR Hors HOR / Out of HOR PN 24 HR WE et JF : Fermé / WE and HOL : Closed Service de l'Énergie Opérationnelle (SEO) : Carte SCALP / SCALP card (Military fuel service card) CIV : NIL,
LFYV,YVETOT BAONS LE COMTE,,,49.638611,0.732500,10 - AVT : NIL.,
